date_et,underlying,exp_window,level_type,level_price,session_high,session_low,session_close,tested,outcome,distance_pct
2026-06-03,ES,0dte,call_wall,7591.43,7614.75,7562.5,7569.5,true,held,-0.0028887837996267227
2026-06-03,ES,0dte,expected_range,,7614.75,7562.5,7569.5,true,held,
2026-06-03,ES,0dte,key_gamma,7591.43,7614.75,7562.5,7569.5,true,broke,-0.0028887837996267227
2026-06-03,ES,0dte,put_wall,7561.43,7614.75,7562.5,7569.5,true,held,0.0010672584418555365
2026-06-03,ES,intraday,onh,7628.5,7614.75,7562.5,7569.5,true,held,-0.007734154814183654
2026-06-03,ES,intraday,onl,7602,7614.75,7562.5,7569.5,true,broke,-0.004275190739279137
2026-06-03,ES,intraday,pdh,7632,7614.75,7562.5,7569.5,true,held,-0.008189203354297694
2026-06-03,ES,intraday,pdl,7595.5,7614.75,7562.5,7569.5,true,broke,-0.003423079454940425
2026-06-03,ES,intraday,vah,7630.5,7614.75,7562.5,7569.5,true,held,-0.00799423366751851
2026-06-03,ES,intraday,val,7614.5,7614.75,7562.5,7569.5,true,held,-0.005909777398384661
2026-06-03,ES,intraday,vpoc,7622.5,7614.75,7562.5,7569.5,true,held,-0.006953099376844867
2026-06-03,ES,le45dte,call_wall,7611.43,7614.75,7562.5,7569.5,true,held,-0.005508820287383618
2026-06-03,ES,le45dte,expected_range,,7614.75,7562.5,7569.5,true,held,
2026-06-03,ES,le45dte,gamma_flip,7582.013403850865,7614.75,7562.5,7569.5,true,broke,-0.0016504064533187806
2026-06-03,ES,le45dte,key_gamma,7561.43,7614.75,7562.5,7569.5,true,held,0.0010672584418555365
2026-06-03,ES,le45dte,put_wall,7561.43,7614.75,7562.5,7569.5,true,held,0.0010672584418555365
2026-06-03,SPX,0dte,call_wall,7580,7605.35,7551.22,7556.82,true,held,-0.0030580474934037323
2026-06-03,SPX,0dte,expected_range,,7605.35,7551.22,7556.82,true,held,
2026-06-03,SPX,0dte,key_gamma,7580,7605.35,7551.22,7556.82,true,broke,-0.0030580474934037323
2026-06-03,SPX,0dte,put_wall,7550,7605.35,7551.22,7556.82,true,held,0.0009033112582781072
2026-06-03,SPX,intraday,pdh,7620.9,7605.35,7551.22,7556.82,true,held,-0.008408455694209336
2026-06-03,SPX,intraday,pdl,7582.99,7605.35,7551.22,7556.82,true,broke,-0.0034511452606425796
2026-06-03,SPX,intraday,vah,7612.5,7605.35,7551.22,7556.82,true,held,-0.007314285714285752
2026-06-03,SPX,intraday,val,7592.5,7605.35,7551.22,7556.82,true,broke,-0.00469937438261446
2026-06-03,SPX,intraday,vpoc,7612.5,7605.35,7551.22,7556.82,true,held,-0.007314285714285752
2026-06-03,SPX,le45dte,call_wall,7600,7605.35,7551.22,7556.82,true,held,-0.005681578947368459
2026-06-03,SPX,le45dte,expected_range,,7605.35,7551.22,7556.82,true,held,
2026-06-03,SPX,le45dte,gamma_flip,7570.583403850865,7605.35,7551.22,7556.82,true,broke,-0.0018180109928997079
2026-06-03,SPX,le45dte,key_gamma,7550,7605.35,7551.22,7556.82,true,held,0.0009033112582781072
2026-06-03,SPX,le45dte,put_wall,7550,7605.35,7551.22,7556.82,true,held,0.0009033112582781072
2026-06-03,SPY,0dte,call_wall,756.4454507853909,758.8,753.57,754.19,true,held,-0.0029816436638611457
2026-06-03,SPY,0dte,expected_range,,758.8,753.57,754.19,true,held,
2026-06-03,SPY,0dte,key_gamma,756.4454507853909,758.8,753.57,754.19,true,broke,-0.0029816436638611457
2026-06-03,SPY,0dte,put_wall,753.4516033548418,758.8,753.57,754.19,true,held,0.0009800186791963951
2026-06-03,SPY,intraday,pdh,760.4,758.8,753.57,754.19,true,held,-0.008166754339821045
2026-06-03,SPY,intraday,pdl,756.75,758.8,753.57,754.19,true,broke,-0.003382887347208385
2026-06-03,SPY,intraday,vah,760.25,758.8,753.57,754.19,true,held,-0.00797106215060828
2026-06-03,SPY,intraday,val,758.25,758.8,753.57,754.19,true,held,-0.005354434553247538
2026-06-03,SPY,intraday,vpoc,759.25,758.8,753.57,754.19,true,held,-0.006664471517945269
2026-06-03,SPY,le45dte,call_wall,758.4413490724236,758.8,753.57,754.19,true,held,-0.005605376180535169
2026-06-03,SPY,le45dte,expected_range,,758.8,753.57,754.19,true,held,
2026-06-03,SPY,le45dte,gamma_flip,755.5057223792039,758.8,753.57,754.19,true,broke,-0.001741512129200623
2026-06-03,SPY,le45dte,key_gamma,753.4516033548418,758.8,753.57,754.19,true,held,0.0009800186791963951
2026-06-03,SPY,le45dte,put_wall,753.4516033548418,758.8,753.57,754.19,true,held,0.0009800186791963951
2026-06-04,ES,0dte,call_wall,7565.07,7611.5,7541.75,7595,true,broke,0.003956341448261588
2026-06-04,ES,0dte,expected_range,,7611.5,7541.75,7595,true,held,
2026-06-04,ES,0dte,gamma_flip,7559.769341572811,7611.5,7541.75,7595,true,broke,0.0046602821905488735
2026-06-04,ES,0dte,key_gamma,7545.07,7611.5,7541.75,7595,true,held,0.0066175661723483405
2026-06-04,ES,0dte,put_wall,7495.07,7611.5,7541.75,7595,false,not_tested,0.006228093933745822
2026-06-04,ES,intraday,onh,7557.75,7611.5,7541.75,7595,true,broke,0.0049287155568787005
2026-06-04,ES,intraday,onl,7524.5,7611.5,7541.75,7595,true,held,0.009369393315170444
2026-06-04,ES,intraday,pdh,7614.75,7611.5,7541.75,7595,true,held,-0.0025936504809744246
2026-06-04,ES,intraday,pdl,7562.5,7611.5,7541.75,7595,true,broke,0.004297520661157025
2026-06-04,ES,intraday,vah,7589.5,7611.5,7541.75,7595,true,held,0.0007246854206469464
2026-06-04,ES,intraday,val,7569.5,7611.5,7541.75,7595,true,broke,0.003368782614439527
2026-06-04,ES,intraday,vpoc,7577.5,7611.5,7541.75,7595,true,broke,0.0023094688221709007
2026-06-04,ES,le45dte,call_wall,7595.07,7611.5,7541.75,7595,true,held,-0.000009216504916967054
2026-06-04,ES,le45dte,expected_range,,7611.5,7541.75,7595,true,held,
2026-06-04,ES,le45dte,gamma_flip,7542.258559569783,7611.5,7541.75,7595,true,held,0.006992791352041048
2026-06-04,ES,le45dte,key_gamma,7595.07,7611.5,7541.75,7595,true,held,-0.000009216504916967054
2026-06-04,ES,le45dte,put_wall,7495.07,7611.5,7541.75,7595,false,not_tested,0.006228093933745822
2026-06-04,SPX,0dte,call_wall,7570,7598.19,7516.54,7584.82,true,broke,0.0019577278731835812
2026-06-04,SPX,0dte,expected_range,,7598.19,7516.54,7584.82,true,held,
2026-06-04,SPX,0dte,gamma_flip,7564.699341572811,7598.19,7516.54,7584.82,true,broke,0.0026598094013615082
2026-06-04,SPX,0dte,key_gamma,7550,7598.19,7516.54,7584.82,true,broke,0.0046119205298012856
2026-06-04,SPX,0dte,put_wall,7500,7598.19,7516.54,7584.82,true,held,0.011309333333333295
2026-06-04,SPX,intraday,pdh,7605.35,7598.19,7516.54,7584.82,true,held,-0.0026994155430059962
2026-06-04,SPX,intraday,pdl,7551.22,7598.19,7516.54,7584.82,true,broke,0.00444961211565806
2026-06-04,SPX,intraday,vah,7577.5,7598.19,7516.54,7584.82,true,held,0.0009660178159023041
2026-06-04,SPX,intraday,val,7557.5,7598.19,7516.54,7584.82,true,broke,0.0036149520344028723
2026-06-04,SPX,intraday,vpoc,7567.5,7598.19,7516.54,7584.82,true,broke,0.0022887347208456832
2026-06-04,SPX,le45dte,call_wall,7600,7598.19,7516.54,7584.82,true,held,-0.00199736842105267
2026-06-04,SPX,le45dte,expected_range,,7598.19,7516.54,7584.82,true,held,
2026-06-04,SPX,le45dte,gamma_flip,7547.188559569783,7598.19,7516.54,7584.82,true,broke,0.004986153470685473
2026-06-04,SPX,le45dte,key_gamma,7600,7598.19,7516.54,7584.82,true,held,-0.00199736842105267
2026-06-04,SPX,le45dte,put_wall,7500,7598.19,7516.54,7584.82,true,held,0.011309333333333295
2026-06-04,SPY,0dte,call_wall,753.7349609726649,758.31,751.47,757.03,true,broke,0.004371614954788549
2026-06-04,SPY,0dte,expected_range,,758.31,751.47,757.03,true,held,
2026-06-04,SPY,0dte,gamma_flip,753.2071813725663,758.31,751.47,757.03,true,broke,0.005075387917129728
2026-06-04,SPY,0dte,key_gamma,751.7435872316539,758.31,751.47,757.03,true,held,0.007032202014271413
2026-06-04,SPY,0dte,put_wall,746.7651528791264,758.31,751.47,757.03,false,not_tested,0.006300303519432136
2026-06-04,SPY,intraday,pdh,758.8,758.31,751.47,757.03,true,held,-0.0023326304691618106
2026-06-04,SPY,intraday,pdl,753.57,758.31,751.47,757.03,true,broke,0.004591477898536198
2026-06-04,SPY,intraday,vah,755.75,758.31,751.47,757.03,true,broke,0.00169368177307307
2026-06-04,SPY,intraday,val,753.75,758.31,751.47,757.03,true,broke,0.004351575456053032
2026-06-04,SPY,intraday,vpoc,754.75,758.31,751.47,757.03,true,broke,0.003020867837032094
2026-06-04,SPY,le45dte,call_wall,756.7220215841814,758.31,751.47,757.03,true,held,0.0004069901589143376
2026-06-04,SPY,le45dte,expected_range,,758.31,751.47,757.03,true,held,
2026-06-04,SPY,le45dte,gamma_flip,751.4636557992965,758.31,751.47,757.03,true,held,0.007407336546147184
2026-06-04,SPY,le45dte,key_gamma,756.7220215841814,758.31,751.47,757.03,true,held,0.0004069901589143376
2026-06-04,SPY,le45dte,put_wall,746.7651528791264,758.31,751.47,757.03,false,not_tested,0.006300303519432136
2026-06-05,ES,0dte,call_wall,7564.94,7553,7374,7376.5,true,held,-0.02490964898598001
2026-06-05,ES,0dte,expected_range,,7553,7374,7376.5,true,broke,
2026-06-05,ES,0dte,gamma_flip,7542.342858151192,7553,7374,7376.5,true,broke,-0.021988241753285093
2026-06-05,ES,0dte,key_gamma,7564.94,7553,7374,7376.5,true,held,-0.02490964898598001
2026-06-05,ES,0dte,put_wall,7514.94,7553,7374,7376.5,true,broke,-0.018421970102222986
2026-06-05,ES,intraday,onh,7591,7553,7374,7376.5,false,not_tested,-0.005005928072717692
2026-06-05,ES,intraday,onl,7543.5,7553,7374,7376.5,true,broke,-0.022138264731225557
2026-06-05,ES,intraday,pdh,7611.5,7553,7374,7376.5,false,not_tested,-0.007685738684884714
2026-06-05,ES,intraday,pdl,7541.75,7553,7374,7376.5,true,broke,-0.021911360095468558
2026-06-05,ES,intraday,vah,7610.5,7553,7374,7376.5,false,not_tested,-0.007555351159582157
2026-06-05,ES,intraday,val,7564.5,7553,7374,7376.5,true,held,-0.02485293145614383
2026-06-05,ES,intraday,vpoc,7606.5,7553,7374,7376.5,false,not_tested,-0.007033458226516795
2026-06-05,ES,le45dte,call_wall,7564.94,7553,7374,7376.5,true,held,-0.02490964898598001
2026-06-05,ES,le45dte,expected_range,,7553,7374,7376.5,true,broke,
2026-06-05,ES,le45dte,gamma_flip,7526.567381606497,7553,7374,7376.5,true,broke,-0.019938356225074595
2026-06-05,ES,le45dte,key_gamma,7564.94,7553,7374,7376.5,true,held,-0.02490964898598001
2026-06-05,ES,le45dte,put_wall,7464.94,7553,7374,7376.5,true,broke,-0.011847382564360813
2026-06-05,SPX,0dte,call_wall,7600,7541.81,7368.63,7384.67,false,not_tested,-0.0076565789473683685
2026-06-05,SPX,0dte,expected_range,,7541.81,7368.63,7384.67,true,broke,
2026-06-05,SPX,0dte,gamma_flip,7577.402858151192,7541.81,7368.63,7384.67,true,held,-0.02543521332561389
2026-06-05,SPX,0dte,key_gamma,7600,7541.81,7368.63,7384.67,false,not_tested,-0.0076565789473683685
2026-06-05,SPX,0dte,put_wall,7550,7541.81,7368.63,7384.67,true,broke,-0.021898013245033102
2026-06-05,SPX,intraday,pdh,7598.19,7541.81,7368.63,7384.67,false,not_tested,-0.007420188229038653
2026-06-05,SPX,intraday,pdl,7516.54,7541.81,7368.63,7384.67,true,broke,-0.017543976350820976
2026-06-05,SPX,intraday,vah,7592.5,7541.81,7368.63,7384.67,false,not_tested,-0.006676325321040448
2026-06-05,SPX,intraday,val,7542.5,7541.81,7368.63,7384.67,true,held,-0.02092542260523698
2026-06-05,SPX,intraday,vpoc,7592.5,7541.81,7368.63,7384.67,false,not_tested,-0.006676325321040448
2026-06-05,SPX,le45dte,call_wall,7600,7541.81,7368.63,7384.67,false,not_tested,-0.0076565789473683685
2026-06-05,SPX,le45dte,expected_range,,7541.81,7368.63,7384.67,true,broke,
2026-06-05,SPX,le45dte,gamma_flip,7561.627381606498,7541.81,7368.63,7384.67,true,held,-0.02340202348993588
2026-06-05,SPX,le45dte,key_gamma,7600,7541.81,7368.63,7384.67,false,not_tested,-0.0076565789473683685
2026-06-05,SPX,le45dte,put_wall,7500,7541.81,7368.63,7384.67,true,broke,-0.015377333333333324
2026-06-05,SPY,0dte,call_wall,754.0667509635023,752.82,735.53,737.42,true,held,-0.022075964683805606
2026-06-05,SPY,0dte,expected_range,,752.82,735.53,737.42,true,broke,
2026-06-05,SPY,0dte,gamma_flip,751.8246781562665,752.82,735.53,737.42,true,broke,-0.01915962401179989
2026-06-05,SPY,0dte,key_gamma,754.0667509635023,752.82,735.53,737.42,true,held,-0.022075964683805606
2026-06-05,SPY,0dte,put_wall,749.105785496637,752.82,735.53,737.42,true,broke,-0.015599646569128729
2026-06-05,SPY,intraday,pdh,758.31,752.82,735.53,737.42,false,not_tested,-0.007239783202120368
2026-06-05,SPY,intraday,pdl,751.47,752.82,735.53,737.42,true,broke,-0.01869668782519604
2026-06-05,SPY,intraday,vah,757.75,752.82,735.53,737.42,false,not_tested,-0.006506103596172814
2026-06-05,SPY,intraday,val,753.75,752.82,735.53,737.42,true,held,-0.021665008291874017
2026-06-05,SPY,intraday,vpoc,757.75,752.82,735.53,737.42,false,not_tested,-0.006506103596172814
2026-06-05,SPY,le45dte,call_wall,754.0667509635023,752.82,735.53,737.42,true,held,-0.022075964683805606
2026-06-05,SPY,le45dte,expected_range,,752.82,735.53,737.42,true,broke,
2026-06-05,SPY,le45dte,gamma_flip,750.259446269035,752.82,735.53,737.42,true,broke,-0.017113341701839754
2026-06-05,SPY,le45dte,key_gamma,754.0667509635023,752.82,735.53,737.42,true,held,-0.022075964683805606
2026-06-05,SPY,le45dte,put_wall,744.144820029772,752.82,735.53,737.42,true,broke,-0.009036977546256307
2026-06-08,ES,0dte,call_wall,7479.01,7539,7465.75,7477.25,true,held,-0.0002353252636378636
2026-06-08,ES,0dte,expected_range,,7539,7465.75,7477.25,true,held,
2026-06-08,ES,0dte,gamma_flip,7551.1556300535485,7539,7465.75,7477.25,true,held,-0.00978732708930069
2026-06-08,ES,0dte,key_gamma,7479.01,7539,7465.75,7477.25,true,held,-0.0002353252636378636
2026-06-08,ES,0dte,put_wall,7429.01,7539,7465.75,7477.25,false,not_tested,0.004945477257400351
2026-06-08,ES,intraday,pdh,7553,7539,7465.75,7477.25,true,held,-0.010029127499007017
2026-06-08,ES,intraday,pdl,7379.75,7539,7465.75,7477.25,false,not_tested,0.011653511297808191
2026-06-08,ES,intraday,vah,7552.5,7539,7465.75,7477.25,true,held,-0.009963588215822576
2026-06-08,ES,intraday,val,7422.5,7539,7465.75,7477.25,false,not_tested,0.005826877736611654
2026-06-08,ES,intraday,vpoc,7518.5,7539,7465.75,7477.25,true,broke,-0.005486466715435259
2026-06-08,ES,le45dte,call_wall,7579.01,7539,7465.75,7477.25,false,not_tested,-0.0052790535967098895
2026-06-08,ES,le45dte,expected_range,,7539,7465.75,7477.25,true,held,
2026-06-08,ES,le45dte,gamma_flip,7549.812845816675,7539,7465.75,7477.25,true,held,-0.009611211204643517
2026-06-08,ES,le45dte,key_gamma,7479.01,7539,7465.75,7477.25,true,held,-0.0002353252636378636
2026-06-08,ES,le45dte,put_wall,7429.01,7539,7465.75,7477.25,false,not_tested,0.004945477257400351
2026-06-08,SPX,0dte,call_wall,7400,7466.81,7395.13,7405.81,true,held,0.0007851351351351892
2026-06-08,SPX,0dte,expected_range,,7466.81,7395.13,7405.81,true,held,
2026-06-08,SPX,0dte,gamma_flip,7472.145630053548,7466.81,7395.13,7405.81,true,held,-0.008877721786730288
2026-06-08,SPX,0dte,key_gamma,7400,7466.81,7395.13,7405.81,true,held,0.0007851351351351892
2026-06-08,SPX,0dte,put_wall,7350,7466.81,7395.13,7405.81,false,not_tested,0.006140136054421784
2026-06-08,SPX,intraday,pdh,7541.81,7466.81,7395.13,7405.81,false,not_tested,-0.009944562379587924
2026-06-08,SPX,intraday,pdl,7368.63,7466.81,7395.13,7405.81,false,not_tested,0.003596326589881701
2026-06-08,SPX,intraday,vah,7537.5,7466.81,7395.13,7405.81,false,not_tested,-0.009378441127694806
2026-06-08,SPX,intraday,val,7407.5,7466.81,7395.13,7405.81,true,held,-0.00022814714816059398
2026-06-08,SPX,intraday,vpoc,7507.5,7466.81,7395.13,7405.81,false,not_tested,-0.005419913419913366
2026-06-08,SPX,le45dte,call_wall,7500,7466.81,7395.13,7405.81,false,not_tested,-0.00442533333333328
2026-06-08,SPX,le45dte,expected_range,,7466.81,7395.13,7405.81,true,held,
2026-06-08,SPX,le45dte,gamma_flip,7470.802845816675,7466.81,7395.13,7405.81,true,held,-0.008699579838740803
2026-06-08,SPX,le45dte,key_gamma,7400,7466.81,7395.13,7405.81,true,held,0.0007851351351351892
2026-06-08,SPX,le45dte,put_wall,7350,7466.81,7395.13,7405.81,false,not_tested,0.006140136054421784
2026-06-08,SPY,0dte,call_wall,745.4479708115399,745.34,738.19,739.31,true,held,-0.008233935904148736
2026-06-08,SPY,0dte,expected_range,,745.34,738.19,739.31,true,held,
2026-06-08,SPY,0dte,gamma_flip,752.7156483150991,745.34,738.19,739.31,true,held,-0.01780971120383473
2026-06-08,SPY,0dte,key_gamma,745.4479708115399,745.34,738.19,739.31,true,held,-0.008233935904148736
2026-06-08,SPY,0dte,put_wall,740.4111601979484,745.34,738.19,739.31,true,broke,-0.0014872279851293809
2026-06-08,SPY,intraday,pdh,752.82,745.34,738.19,739.31,false,not_tested,-0.009935974070827048
2026-06-08,SPY,intraday,pdl,735.53,745.34,738.19,739.31,false,not_tested,0.0036164398460974832
2026-06-08,SPY,intraday,vah,746.25,745.34,738.19,739.31,true,held,-0.009299832495812468
2026-06-08,SPY,intraday,val,736.25,745.34,738.19,739.31,false,not_tested,0.002634974533107035
2026-06-08,SPY,intraday,vpoc,738.25,745.34,738.19,739.31,true,held,0.0014358279715542775
2026-06-08,SPY,le45dte,call_wall,755.5215920387229,745.34,738.19,739.31,false,not_tested,-0.013476242302021539
2026-06-08,SPY,le45dte,expected_range,,745.34,738.19,739.31,true,held,
2026-06-08,SPY,le45dte,gamma_flip,752.5803813171781,745.34,738.19,739.31,true,held,-0.017633174670261938
2026-06-08,SPY,le45dte,key_gamma,745.4479708115399,745.34,738.19,739.31,true,held,-0.008233935904148736
2026-06-08,SPY,le45dte,put_wall,740.4111601979484,745.34,738.19,739.31,true,broke,-0.0014872279851293809
2026-06-09,ES,0dte,call_wall,7498.02,7553.5,7307.75,7450.25,true,held,-0.006371015281367672
2026-06-09,ES,0dte,expected_range,,7553.5,7307.75,7450.25,true,held,
2026-06-09,ES,0dte,gamma_flip,7495.7229497815,7553.5,7307.75,7450.25,true,broke,-0.006066519545366228
2026-06-09,ES,0dte,key_gamma,7448.02,7553.5,7307.75,7450.25,true,held,0.00029940843338223627
2026-06-09,ES,0dte,put_wall,7448.02,7553.5,7307.75,7450.25,true,held,0.00029940843338223627
2026-06-09,ES,le45dte,call_wall,7548.02,7553.5,7307.75,7450.25,true,held,-0.012953065837133505
2026-06-09,ES,le45dte,expected_range,,7553.5,7307.75,7450.25,true,held,
2026-06-09,ES,le45dte,gamma_flip,7516.978548757092,7553.5,7307.75,7450.25,true,broke,-0.008877043924533347
2026-06-09,ES,le45dte,key_gamma,7448.02,7553.5,7307.75,7450.25,true,held,0.00029940843338223627
2026-06-09,ES,le45dte,put_wall,7448.02,7553.5,7307.75,7450.25,true,held,0.00029940843338223627
2026-06-09,SPX,0dte,call_wall,7450,7483.15,7237.85,7386.31,true,held,-0.00854899328859055
2026-06-09,SPX,0dte,expected_range,,7483.15,7237.85,7386.31,true,held,
2026-06-09,SPX,0dte,gamma_flip,7447.702949781499,7483.15,7237.85,7386.31,true,held,-0.008243206018749711
2026-06-09,SPX,0dte,key_gamma,7400,7483.15,7237.85,7386.31,true,broke,-0.0018499999999999459
2026-06-09,SPX,0dte,put_wall,7400,7483.15,7237.85,7386.31,true,broke,-0.0018499999999999459
2026-06-09,SPX,intraday,pdh,7466.81,7483.15,7237.85,7386.31,true,held,-0.010781043042477309
2026-06-09,SPX,intraday,pdl,7395.13,7483.15,7237.85,7386.31,true,broke,-0.0011926768021657103
2026-06-09,SPX,intraday,vah,7462.5,7483.15,7237.85,7386.31,true,held,-0.010209715242881019
2026-06-09,SPX,intraday,val,7422.5,7483.15,7237.85,7386.31,true,broke,-0.004875715729201697
2026-06-09,SPX,intraday,vpoc,7432.5,7483.15,7237.85,7386.31,true,broke,-0.0062145980491085905
2026-06-09,SPX,le45dte,call_wall,7500,7483.15,7237.85,7386.31,true,held,-0.015158666666666614
2026-06-09,SPX,le45dte,expected_range,,7483.15,7237.85,7386.31,true,held,
2026-06-09,SPX,le45dte,gamma_flip,7468.958548757091,7483.15,7237.85,7386.31,true,held,-0.011065605494737193
2026-06-09,SPX,le45dte,key_gamma,7400,7483.15,7237.85,7386.31,true,broke,-0.0018499999999999459
2026-06-09,SPX,le45dte,put_wall,7400,7483.15,7237.85,7386.31,true,broke,-0.0018499999999999459
2026-06-09,SPY,0dte,call_wall,747.592404800067,746.9,722.59,737.05,true,held,-0.014101808328144368
2026-06-09,SPY,0dte,expected_range,,746.9,722.59,737.05,true,held,
2026-06-09,SPY,0dte,gamma_flip,747.3619004649266,746.9,722.59,737.05,true,held,-0.013797733679642682
2026-06-09,SPY,0dte,key_gamma,742.5750061101337,746.9,722.59,737.05,true,broke,-0.007440334060091316
2026-06-09,SPY,0dte,put_wall,742.5750061101337,746.9,722.59,737.05,true,broke,-0.007440334060091316
2026-06-09,SPY,intraday,pdh,745.34,746.9,722.59,737.05,true,held,-0.011122440765288427
2026-06-09,SPY,intraday,pdl,738.19,746.9,722.59,737.05,true,broke,-0.0015443178585460382
2026-06-09,SPY,intraday,vah,744.25,746.9,722.59,737.05,true,held,-0.009674168626133753
2026-06-09,SPY,intraday,val,740.25,746.9,722.59,737.05,true,broke,-0.0043228638973320434
2026-06-09,SPY,intraday,vpoc,742.25,746.9,722.59,737.05,true,broke,-0.007005725833614073
2026-06-09,SPY,le45dte,call_wall,752.6098034900003,746.9,722.59,737.05,false,not_tested,-0.007586671690327268
2026-06-09,SPY,le45dte,expected_range,,746.9,722.59,737.05,true,held,
2026-06-09,SPY,le45dte,gamma_flip,749.4948567540043,746.9,722.59,737.05,true,held,-0.016604325756019122
2026-06-09,SPY,le45dte,key_gamma,742.5750061101337,746.9,722.59,737.05,true,broke,-0.007440334060091316
2026-06-09,SPY,le45dte,put_wall,742.5750061101337,746.9,722.59,737.05,true,broke,-0.007440334060091316
2026-06-10,ES,0dte,call_wall,7367.6,7404.75,7261.5,7268.25,true,held,-0.013484716868451105
2026-06-10,ES,0dte,expected_range,,7404.75,7261.5,7268.25,true,broke,
2026-06-10,ES,0dte,gamma_flip,7386.829916861698,7404.75,7261.5,7268.25,true,held,-0.016052883063006344
2026-06-10,ES,0dte,key_gamma,7367.6,7404.75,7261.5,7268.25,true,held,-0.013484716868451105
2026-06-10,ES,0dte,put_wall,7322.6,7404.75,7261.5,7268.25,true,broke,-0.00742222707781394
2026-06-10,ES,intraday,onh,7387.75,7404.75,7261.5,7268.25,true,held,-0.016175425535514872
2026-06-10,ES,intraday,onl,7363.5,7404.75,7261.5,7268.25,true,held,-0.012935424730087594
2026-06-10,ES,intraday,pdh,7491,7404.75,7261.5,7268.25,false,not_tested,-0.011513816579895876
2026-06-10,ES,intraday,pdl,7247.25,7404.75,7261.5,7268.25,true,held,0.0028976508330746144
2026-06-10,ES,intraday,vah,7402.5,7404.75,7261.5,7268.25,true,held,-0.018135764944275583
2026-06-10,ES,intraday,val,7276.5,7404.75,7261.5,7268.25,true,broke,-0.0011337868480725624
2026-06-10,ES,intraday,vpoc,7384.5,7404.75,7261.5,7268.25,true,held,-0.015742433475523055
2026-06-10,ES,le45dte,call_wall,7467.6,7404.75,7261.5,7268.25,false,not_tested,-0.008416358669452081
2026-06-10,ES,le45dte,expected_range,,7404.75,7261.5,7268.25,true,broke,
2026-06-10,ES,le45dte,gamma_flip,7418.342504148043,7404.75,7261.5,7268.25,true,held,-0.020232619896441477
2026-06-10,ES,le45dte,key_gamma,7367.6,7404.75,7261.5,7268.25,true,held,-0.013484716868451105
2026-06-10,ES,le45dte,put_wall,7267.6,7404.75,7261.5,7268.25,true,held,0.00008943805382789865
2026-06-10,SPX,0dte,call_wall,7400,7396.56,7265.93,7267.65,true,held,-0.017885135135135184
2026-06-10,SPX,0dte,expected_range,,7396.56,7265.93,7267.65,true,broke,
2026-06-10,SPX,0dte,gamma_flip,7419.229916861697,7396.56,7265.93,7267.65,true,held,-0.020430680617836327
2026-06-10,SPX,0dte,key_gamma,7400,7396.56,7265.93,7267.65,true,held,-0.017885135135135184
2026-06-10,SPX,0dte,put_wall,7355,7396.56,7265.93,7267.65,true,broke,-0.011876274643099982
2026-06-10,SPX,intraday,pdh,7483.15,7396.56,7265.93,7267.65,false,not_tested,-0.011571330255306822
2026-06-10,SPX,intraday,pdl,7237.85,7396.56,7265.93,7267.65,false,not_tested,0.003879605131358059
2026-06-10,SPX,intraday,vah,7392.5,7396.56,7265.93,7267.65,true,held,-0.01688873858640519
2026-06-10,SPX,intraday,val,7262.5,7396.56,7265.93,7267.65,true,held,0.0007091222030980566
2026-06-10,SPX,intraday,vpoc,7372.5,7396.56,7265.93,7267.65,true,held,-0.014221770091556509
2026-06-10,SPX,le45dte,call_wall,7500,7396.56,7265.93,7267.65,false,not_tested,-0.013791999999999947
2026-06-10,SPX,le45dte,expected_range,,7396.56,7265.93,7267.65,true,broke,
2026-06-10,SPX,le45dte,gamma_flip,7450.742504148043,7396.56,7265.93,7267.65,true,held,-0.024573725913371765
2026-06-10,SPX,le45dte,key_gamma,7400,7396.56,7265.93,7267.65,true,held,-0.017885135135135184
2026-06-10,SPX,le45dte,put_wall,7300,7396.56,7265.93,7267.65,true,broke,-0.004431506849315118
2026-06-10,SPY,0dte,call_wall,734.5050868797086,738.38,725.33,725.42,true,held,-0.012368991096172715
2026-06-10,SPY,0dte,expected_range,,738.38,725.33,725.42,true,broke,
2026-06-10,SPY,0dte,gamma_flip,736.4137992790587,738.38,725.33,725.42,true,held,-0.014928833883641997
2026-06-10,SPY,0dte,key_gamma,734.5050868797086,738.38,725.33,725.42,true,held,-0.012368991096172715
2026-06-10,SPY,0dte,put_wall,730.0385018919267,738.38,725.33,725.42,true,broke,-0.006326381252437594
2026-06-10,SPY,intraday,pdh,746.9,738.38,725.33,725.42,false,not_tested,-0.011407149551479425
2026-06-10,SPY,intraday,pdl,722.59,738.38,725.33,725.42,false,not_tested,0.0037919151939550906
2026-06-10,SPY,intraday,vah,737.75,738.38,725.33,725.42,true,held,-0.016712978651304698
2026-06-10,SPY,intraday,val,726.75,738.38,725.33,725.42,true,broke,-0.0018300653594771805
2026-06-10,SPY,intraday,vpoc,736.75,738.38,725.33,725.42,true,held,-0.015378350865286787
2026-06-10,SPY,le45dte,call_wall,744.430831297002,738.38,725.33,725.42,false,not_tested,-0.008128130972839733
2026-06-10,SPY,le45dte,expected_range,,738.38,725.33,725.42,true,broke,
2026-06-10,SPY,le45dte,gamma_flip,739.5416581523779,738.38,725.33,725.42,true,held,-0.019095148997635272
2026-06-10,SPY,le45dte,key_gamma,734.5050868797086,738.38,725.33,725.42,true,held,-0.012368991096172715
2026-06-10,SPY,le45dte,put_wall,724.5793424624153,738.38,725.33,725.42,true,held,0.0011602008066194176
2026-06-11,ES,0dte,call_wall,7456.01,7481.75,7323.75,7465.25,true,broke,0.0012392687241567248
2026-06-11,ES,0dte,expected_range,,7481.75,7323.75,7465.25,true,held,
2026-06-11,ES,0dte,gamma_flip,7473.190311935418,7481.75,7323.75,7465.25,true,held,-0.0010625063197891354
2026-06-11,ES,0dte,key_gamma,7431.01,7481.75,7323.75,7465.25,true,broke,0.0046077181971225685
2026-06-11,ES,0dte,put_wall,7356.01,7481.75,7323.75,7465.25,true,held,0.014850442019518703
2026-06-11,ES,intraday,pdh,7404.75,7481.75,7323.75,7465.25,true,broke,0.008170431142172254
2026-06-11,ES,intraday,pdl,7275.25,7481.75,7323.75,7465.25,false,not_tested,0.006666437579464623
2026-06-11,ES,intraday,vah,7350.5,7481.75,7323.75,7465.25,true,held,0.015611182912727025
2026-06-11,ES,intraday,val,7276.5,7481.75,7323.75,7465.25,false,not_tested,0.006493506493506494
2026-06-11,ES,intraday,vpoc,7326.5,7481.75,7323.75,7465.25,true,held,0.018938101412679997
2026-06-11,ES,le45dte,call_wall,7606.01,7481.75,7323.75,7465.25,false,not_tested,-0.016337080808465965
2026-06-11,ES,le45dte,expected_range,,7481.75,7323.75,7465.25,true,held,
2026-06-11,ES,le45dte,gamma_flip,7534.22114200212,7481.75,7323.75,7465.25,true,held,-0.009154382477256593
2026-06-11,ES,le45dte,key_gamma,7406.01,7481.75,7323.75,7465.25,true,broke,0.007998908994181722
2026-06-11,ES,le45dte,put_wall,7306.01,7481.75,7323.75,7465.25,true,held,0.021795754454209587
2026-06-11,SPX,0dte,call_wall,7350,7412.68,7257.33,7393.06,true,broke,0.0058585034013605986
2026-06-11,SPX,0dte,expected_range,,7412.68,7257.33,7393.06,true,broke,
2026-06-11,SPX,0dte,gamma_flip,7367.180311935418,7412.68,7257.33,7393.06,true,broke,0.003512834893243368
2026-06-11,SPX,0dte,key_gamma,7325,7412.68,7257.33,7393.06,true,broke,0.009291467576791864
2026-06-11,SPX,0dte,put_wall,7250,7412.68,7257.33,7393.06,true,held,0.019732413793103504
2026-06-11,SPX,intraday,pdh,7396.56,7412.68,7257.33,7393.06,true,held,-0.0004731929437468228
2026-06-11,SPX,intraday,pdl,7265.93,7412.68,7257.33,7393.06,true,held,0.0174967278792942
2026-06-11,SPX,intraday,vah,7342.5,7412.68,7257.33,7393.06,true,broke,0.006885938032005502
2026-06-11,SPX,intraday,val,7267.5,7412.68,7257.33,7393.06,true,held,0.01727691778465778
2026-06-11,SPX,intraday,vpoc,7282.5,7412.68,7257.33,7393.06,true,held,0.01518159972536909
2026-06-11,SPX,le45dte,call_wall,7500,7412.68,7257.33,7393.06,false,not_tested,-0.011642666666666628
2026-06-11,SPX,le45dte,expected_range,,7412.68,7257.33,7393.06,true,broke,
2026-06-11,SPX,le45dte,gamma_flip,7428.21114200212,7412.68,7257.33,7393.06,true,held,-0.004732114008359418
2026-06-11,SPX,le45dte,key_gamma,7300,7412.68,7257.33,7393.06,true,broke,0.012747945205479507
2026-06-11,SPX,le45dte,put_wall,7200,7412.68,7257.33,7393.06,false,not_tested,0.00796249999999999
2026-06-11,SPY,0dte,call_wall,737.4486548075614,740,724.41,737.67,true,held,0.00030014997111400056
2026-06-11,SPY,0dte,expected_range,,740,724.41,737.67,true,held,
2026-06-11,SPY,0dte,gamma_flip,739.1724096274183,740,724.41,737.67,true,held,-0.002032556421005596
2026-06-11,SPY,0dte,key_gamma,734.9403260497126,740,724.41,737.67,true,broke,0.0037141436570222526
2026-06-11,SPY,0dte,put_wall,727.415339776166,740,724.41,737.67,true,held,0.014097393418991489
2026-06-11,SPY,intraday,pdh,738.38,740,724.41,737.67,true,held,-0.000961564506080929
2026-06-11,SPY,intraday,pdl,725.33,740,724.41,737.67,true,held,0.017012945831552422
2026-06-11,SPY,intraday,vah,732.75,740,724.41,737.67,true,broke,0.006714431934493291
2026-06-11,SPY,intraday,val,725.75,740,724.41,737.67,true,held,0.01642438856355489
2026-06-11,SPY,intraday,vpoc,726.75,740,724.41,737.67,true,held,0.015025799793601595
2026-06-11,SPY,le45dte,call_wall,752.4986273546544,740,724.41,737.67,false,not_tested,-0.016609501865262288
2026-06-11,SPY,le45dte,expected_range,,740,724.41,737.67,true,held,
2026-06-11,SPY,le45dte,gamma_flip,745.2958250742861,740,724.41,737.67,true,held,-0.010231943904322872
2026-06-11,SPY,le45dte,key_gamma,732.4319972918637,740,724.41,737.67,true,broke,0.007151520861327137
2026-06-11,SPY,le45dte,put_wall,722.3986822604683,740,724.41,737.67,false,not_tested,0.002784221218729333
2026-06-12,ES,0dte,call_wall,7516.45,7525,7429,7501.25,true,held,-0.00202223123948138
2026-06-12,ES,0dte,expected_range,,7525,7429,7501.25,true,held,
2026-06-12,ES,0dte,gamma_flip,7448.1181822381395,7525,7429,7501.25,true,held,0.007133589513733321
2026-06-12,ES,0dte,key_gamma,7516.45,7525,7429,7501.25,true,held,-0.00202223123948138
2026-06-12,ES,0dte,put_wall,7416.45,7525,7429,7501.25,true,held,0.011434041893358707
2026-06-12,ES,intraday,pdh,7481.75,7525,7429,7501.25,true,held,0.002606342099107829
2026-06-12,ES,intraday,pdl,7323.75,7525,7429,7501.25,false,not_tested,0.0143710530807305
2026-06-12,ES,intraday,vah,7435.5,7525,7429,7501.25,true,held,0.008842714007127966
2026-06-12,ES,intraday,val,7323.5,7525,7429,7501.25,false,not_tested,0.014405680344097768
2026-06-12,ES,intraday,vpoc,7363.5,7525,7429,7501.25,false,not_tested,0.008895226454810891
2026-06-12,ES,le45dte,call_wall,7566.45,7525,7429,7501.25,false,not_tested,-0.005478130431047561
2026-06-12,ES,le45dte,expected_range,,7525,7429,7501.25,true,held,
2026-06-12,ES,le45dte,gamma_flip,7470.455607422369,7525,7429,7501.25,true,held,0.004122157227871699
2026-06-12,ES,le45dte,key_gamma,7466.45,7525,7429,7501.25,true,held,0.00466084953358024
2026-06-12,ES,le45dte,put_wall,7366.45,7525,7429,7501.25,false,not_tested,0.008491199967419882
2026-06-12,SPX,0dte,call_wall,7450,7456.4,7363.01,7430.86,true,held,-0.0025691275167785675
2026-06-12,SPX,0dte,expected_range,,7456.4,7363.01,7430.86,true,held,
2026-06-12,SPX,0dte,gamma_flip,7381.66818223814,7456.4,7363.01,7430.86,true,held,0.006664051613729525
2026-06-12,SPX,0dte,key_gamma,7450,7456.4,7363.01,7430.86,true,held,-0.0025691275167785675
2026-06-12,SPX,0dte,put_wall,7350,7456.4,7363.01,7430.86,true,held,0.011001360544217643
2026-06-12,SPX,intraday,pdh,7412.68,7456.4,7363.01,7430.86,true,broke,0.0024525542718692
2026-06-12,SPX,intraday,pdl,7257.33,7456.4,7363.01,7430.86,false,not_tested,0.014561829212671918
2026-06-12,SPX,intraday,vah,7367.5,7456.4,7363.01,7430.86,true,held,0.008599932134373895
2026-06-12,SPX,intraday,val,7267.5,7456.4,7363.01,7430.86,false,not_tested,0.013142070863433122
2026-06-12,SPX,intraday,vpoc,7297.5,7456.4,7363.01,7430.86,false,not_tested,0.008977046933881495
2026-06-12,SPX,le45dte,call_wall,7500,7456.4,7363.01,7430.86,false,not_tested,-0.005813333333333382
2026-06-12,SPX,le45dte,expected_range,,7456.4,7363.01,7430.86,true,held,
2026-06-12,SPX,le45dte,gamma_flip,7404.005607422369,7456.4,7363.01,7430.86,true,held,0.0036270086763183
2026-06-12,SPX,le45dte,key_gamma,7400,7456.4,7363.01,7430.86,true,held,0.004170270270270226
2026-06-12,SPX,le45dte,put_wall,7300,7456.4,7363.01,7430.86,false,not_tested,0.008631506849315098
2026-06-12,SPY,0dte,call_wall,743.8715632311374,744.44,735.03,741.66,true,held,-0.0029730444615077714
2026-06-12,SPY,0dte,expected_range,,744.44,735.03,741.66,true,held,
2026-06-12,SPY,0dte,gamma_flip,737.048731540273,744.44,735.03,741.66,true,held,0.006256395625415956
2026-06-12,SPY,0dte,key_gamma,743.8715632311374,744.44,735.03,741.66,true,held,-0.0029730444615077714
2026-06-12,SPY,0dte,put_wall,733.886710033404,744.44,735.03,741.66,true,held,0.010591948130852683
2026-06-12,SPY,intraday,pdh,740,744.44,735.03,741.66,true,held,0.0022432432432432
2026-06-12,SPY,intraday,pdl,724.41,744.44,735.03,741.66,false,not_tested,0.01466020623679961
2026-06-12,SPY,intraday,vah,736.25,744.44,735.03,741.66,true,held,0.007348047538200297
2026-06-12,SPY,intraday,val,725.25,744.44,735.03,741.66,false,not_tested,0.01348500517063078
2026-06-12,SPY,intraday,vpoc,728.25,744.44,735.03,741.66,false,not_tested,0.009309989701338789
2026-06-12,SPY,le45dte,call_wall,748.8639898300041,744.44,735.03,741.66,false,not_tested,-0.005907601233447402
2026-06-12,SPY,le45dte,expected_range,,744.44,735.03,741.66,true,held,
2026-06-12,SPY,le45dte,gamma_flip,739.2790906530719,744.44,735.03,741.66,true,held,0.0032205825608090993
2026-06-12,SPY,le45dte,key_gamma,738.8791366322707,744.44,735.03,741.66,true,held,0.003763624156995563
2026-06-12,SPY,le45dte,put_wall,728.8942834345373,744.44,735.03,741.66,false,not_tested,0.00841784152367234
2026-06-15,ES,0dte,call_wall,7663.04,7648.75,7598.5,7628.5,true,held,-0.004507349563619655
2026-06-15,ES,0dte,expected_range,,7648.75,7598.5,7628.5,true,held,
2026-06-15,ES,0dte,gamma_flip,7595.1379120338615,7648.75,7598.5,7628.5,true,held,0.004392558548973682
2026-06-15,ES,0dte,key_gamma,7563.04,7648.75,7598.5,7628.5,false,not_tested,0.004688590831200157
2026-06-15,ES,0dte,put_wall,7563.04,7648.75,7598.5,7628.5,false,not_tested,0.004688590831200157
2026-06-15,ES,intraday,pdh,7525,7648.75,7598.5,7628.5,false,not_tested,0.009767441860465116
2026-06-15,ES,intraday,pdl,7429,7648.75,7598.5,7628.5,false,not_tested,0.022815991385112398
2026-06-15,ES,intraday,vah,7502.5,7648.75,7598.5,7628.5,false,not_tested,0.01279573475508164
2026-06-15,ES,intraday,val,7464.5,7648.75,7598.5,7628.5,false,not_tested,0.017951637752026257
2026-06-15,ES,intraday,vpoc,7498.5,7648.75,7598.5,7628.5,false,not_tested,0.013336000533440022
2026-06-15,ES,le45dte,call_wall,7663.04,7648.75,7598.5,7628.5,true,held,-0.004507349563619655
2026-06-15,ES,le45dte,expected_range,,7648.75,7598.5,7628.5,true,held,
2026-06-15,ES,le45dte,gamma_flip,7598.344882770056,7648.75,7598.5,7628.5,true,held,0.003968642868307235
2026-06-15,ES,le45dte,key_gamma,7563.04,7648.75,7598.5,7628.5,false,not_tested,0.004688590831200157
2026-06-15,ES,le45dte,put_wall,7563.04,7648.75,7598.5,7628.5,false,not_tested,0.004688590831200157
2026-06-15,SPX,0dte,call_wall,7500,7577.92,7516.75,7555.26,true,broke,0.007368000000000029
2026-06-15,SPX,0dte,expected_range,,7577.92,7516.75,7555.26,true,broke,
2026-06-15,SPX,0dte,gamma_flip,7432.097912033862,7577.92,7516.75,7555.26,true,held,0.016571644968067196
2026-06-15,SPX,0dte,key_gamma,7400,7577.92,7516.75,7555.26,false,not_tested,0.015777027027027025
2026-06-15,SPX,0dte,put_wall,7400,7577.92,7516.75,7555.26,false,not_tested,0.015777027027027025
2026-06-15,SPX,intraday,pdh,7456.4,7577.92,7516.75,7555.26,false,not_tested,0.008093718148168066
2026-06-15,SPX,intraday,pdl,7363.01,7577.92,7516.75,7555.26,false,not_tested,0.020880047697884395
2026-06-15,SPX,intraday,vah,7437.5,7577.92,7516.75,7555.26,false,not_tested,0.01065546218487395
2026-06-15,SPX,intraday,val,7407.5,7577.92,7516.75,7555.26,false,not_tested,0.014748565642929463
2026-06-15,SPX,intraday,vpoc,7427.5,7577.92,7516.75,7555.26,false,not_tested,0.012016156176371593
2026-06-15,SPX,le45dte,call_wall,7500,7577.92,7516.75,7555.26,true,broke,0.007368000000000029
2026-06-15,SPX,le45dte,expected_range,,7577.92,7516.75,7555.26,true,broke,
2026-06-15,SPX,le45dte,gamma_flip,7435.304882770056,7577.92,7516.75,7555.26,true,held,0.016133180699545776
2026-06-15,SPX,le45dte,key_gamma,7400,7577.92,7516.75,7555.26,false,not_tested,0.015777027027027025
2026-06-15,SPX,le45dte,put_wall,7400,7577.92,7516.75,7555.26,false,not_tested,0.015777027027027025
2026-06-15,SPY,0dte,call_wall,758.2897573289771,756.68,751.76,754.66,true,held,-0.0047867682424759216
2026-06-15,SPY,0dte,expected_range,,756.68,751.76,754.66,true,held,
2026-06-15,SPY,0dte,gamma_flip,751.4244962881805,756.68,751.76,754.66,true,held,0.004305826770090521
2026-06-15,SPY,0dte,key_gamma,748.1792272312574,756.68,751.76,754.66,false,not_tested,0.004785982607394395
2026-06-15,SPY,0dte,put_wall,748.1792272312574,756.68,751.76,754.66,false,not_tested,0.004785982607394395
2026-06-15,SPY,intraday,pdh,744.44,756.68,751.76,754.66,false,not_tested,0.009832894524743344
2026-06-15,SPY,intraday,pdl,735.03,756.68,751.76,754.66,false,not_tested,0.022760975742486728
2026-06-15,SPY,intraday,vah,742.75,756.68,751.76,754.66,false,not_tested,0.01213059575900369
2026-06-15,SPY,intraday,val,739.75,756.68,751.76,754.66,false,not_tested,0.016235214599526857
2026-06-15,SPY,intraday,vpoc,741.75,756.68,751.76,754.66,false,not_tested,0.013495112908661936
2026-06-15,SPY,le45dte,call_wall,758.2897573289771,756.68,751.76,754.66,true,held,-0.0047867682424759216
2026-06-15,SPY,le45dte,expected_range,,756.68,751.76,754.66,true,held,
2026-06-15,SPY,le45dte,gamma_flip,751.7487380296885,756.68,751.76,754.66,true,held,0.0038726529530887883
2026-06-15,SPY,le45dte,key_gamma,748.1792272312574,756.68,751.76,754.66,false,not_tested,0.004785982607394395
2026-06-15,SPY,le45dte,put_wall,748.1792272312574,756.68,751.76,754.66,false,not_tested,0.004785982607394395
2026-06-16,ES,0dte,call_wall,7670.46,7636.75,7581.5,7582.75,false,not_tested,-0.004394782060006836
2026-06-16,ES,0dte,expected_range,,7636.75,7581.5,7582.75,true,held,
2026-06-16,ES,0dte,gamma_flip,7298.566261882959,7636.75,7581.5,7582.75,true,held,0.03893692650311352
2026-06-16,ES,0dte,key_gamma,7670.46,7636.75,7581.5,7582.75,false,not_tested,-0.004394782060006836
2026-06-16,ES,0dte,put_wall,7570.46,7636.75,7581.5,7582.75,true,held,0.001623415221796293
2026-06-16,ES,intraday,pdh,7648.75,7636.75,7581.5,7582.75,true,held,-0.008628860924987743
2026-06-16,ES,intraday,pdl,7598.5,7636.75,7581.5,7582.75,true,broke,-0.0020727775218793184
2026-06-16,ES,intraday,vah,7635.5,7636.75,7581.5,7582.75,true,held,-0.00690851941588632
2026-06-16,ES,intraday,val,7609.5,7636.75,7581.5,7582.75,true,broke,-0.003515342663775544
2026-06-16,ES,intraday,vpoc,7629.5,7636.75,7581.5,7582.75,true,held,-0.006127531293007405
2026-06-16,ES,le45dte,call_wall,7670.46,7636.75,7581.5,7582.75,false,not_tested,-0.004394782060006836
2026-06-16,ES,le45dte,expected_range,,7636.75,7581.5,7582.75,true,held,
2026-06-16,ES,le45dte,gamma_flip,7565.421604826921,7636.75,7581.5,7582.75,true,held,0.002290473165702118
2026-06-16,ES,le45dte,key_gamma,7670.46,7636.75,7581.5,7582.75,false,not_tested,-0.004394782060006836
2026-06-16,ES,le45dte,put_wall,7570.46,7636.75,7581.5,7582.75,true,held,0.001623415221796293
2026-06-16,SPX,0dte,call_wall,7600,7564.96,7508.68,7512.99,false,not_tested,-0.004610526315789469
2026-06-16,SPX,0dte,expected_range,,7564.96,7508.68,7512.99,true,held,
2026-06-16,SPX,0dte,gamma_flip,7228.106261882959,7564.96,7508.68,7512.99,true,held,0.039413330102707554
2026-06-16,SPX,0dte,key_gamma,7600,7564.96,7508.68,7512.99,false,not_tested,-0.004610526315789469
2026-06-16,SPX,0dte,put_wall,7500,7564.96,7508.68,7512.99,true,held,0.001731999999999971
2026-06-16,SPX,intraday,pdh,7577.92,7564.96,7508.68,7512.99,true,held,-0.008568314260377557
2026-06-16,SPX,intraday,pdl,7516.75,7564.96,7508.68,7512.99,true,held,-0.0005002161838560838
2026-06-16,SPX,intraday,vah,7567.5,7564.96,7508.68,7512.99,true,held,-0.0072031714568880365
2026-06-16,SPX,intraday,val,7537.5,7564.96,7508.68,7512.99,true,broke,-0.003251741293532367
2026-06-16,SPX,intraday,vpoc,7557.5,7564.96,7508.68,7512.99,true,held,-0.005889513728084713
2026-06-16,SPX,le45dte,call_wall,7600,7564.96,7508.68,7512.99,false,not_tested,-0.004610526315789469
2026-06-16,SPX,le45dte,expected_range,,7564.96,7508.68,7512.99,true,held,
2026-06-16,SPX,le45dte,gamma_flip,7494.961604826921,7564.96,7508.68,7512.99,true,held,0.0024054019384793443
2026-06-16,SPX,le45dte,key_gamma,7600,7564.96,7508.68,7512.99,false,not_tested,-0.004610526315789469
2026-06-16,SPX,le45dte,put_wall,7500,7564.96,7508.68,7512.99,true,held,0.001731999999999971
2026-06-16,SPY,0dte,call_wall,758.9144711150883,755.44,749.88,750.39,false,not_tested,-0.004578211705441773
2026-06-16,SPY,0dte,expected_range,,755.44,749.88,750.39,true,held,
2026-06-16,SPY,0dte,gamma_flip,721.778215907969,755.44,749.88,750.39,true,held,0.039640686656133725
2026-06-16,SPY,0dte,key_gamma,758.9144711150883,755.44,749.88,750.39,false,not_tested,-0.004578211705441773
2026-06-16,SPY,0dte,put_wall,748.9287543898898,755.44,749.88,750.39,true,held,0.0019511143103332293
2026-06-16,SPY,intraday,pdh,756.68,755.44,749.88,750.39,true,held,-0.008312628852354977
2026-06-16,SPY,intraday,pdl,751.76,755.44,749.88,750.39,true,broke,-0.0018223901245078278
2026-06-16,SPY,intraday,vah,755.75,755.44,749.88,750.39,true,held,-0.00709229242474365
2026-06-16,SPY,intraday,val,753.75,755.44,749.88,750.39,true,broke,-0.004457711442786088
2026-06-16,SPY,intraday,vpoc,754.75,755.44,749.88,750.39,true,held,-0.005776747267307074
2026-06-16,SPY,le45dte,call_wall,758.9144711150883,755.44,749.88,750.39,false,not_tested,-0.004578211705441773
2026-06-16,SPY,le45dte,expected_range,,755.44,749.88,750.39,true,held,
2026-06-16,SPY,le45dte,gamma_flip,748.42563452041,755.44,749.88,750.39,true,held,0.0026246635456958624
2026-06-16,SPY,le45dte,key_gamma,758.9144711150883,755.44,749.88,750.39,false,not_tested,-0.004578211705441773
2026-06-16,SPY,le45dte,put_wall,748.9287543898898,755.44,749.88,750.39,true,held,0.0019511143103332293
2026-06-17,ES,0dte,call_wall,7682.9,7604.25,7472.25,7498.25,false,not_tested,-0.010237019875307455
2026-06-17,ES,0dte,expected_range,,7604.25,7472.25,7498.25,true,broke,
2026-06-17,ES,0dte,gamma_flip,7601.506672384531,7604.25,7472.25,7498.25,true,held,-0.013583711339707392
2026-06-17,ES,0dte,key_gamma,7577.9,7604.25,7472.25,7498.25,true,broke,-0.010510827537972214
2026-06-17,ES,0dte,put_wall,7577.9,7604.25,7472.25,7498.25,true,broke,-0.010510827537972214
2026-06-17,ES,intraday,pdh,7636.75,7604.25,7472.25,7498.25,false,not_tested,-0.004255737060922513
2026-06-17,ES,intraday,pdl,7583,7604.25,7472.25,7498.25,true,broke,-0.01117631544243703
2026-06-17,ES,intraday,vah,7632.5,7604.25,7472.25,7498.25,false,not_tested,-0.003701277432034065
2026-06-17,ES,intraday,val,7600.5,7604.25,7472.25,7498.25,true,held,-0.013453062298532992
2026-06-17,ES,intraday,vpoc,7606.5,7604.25,7472.25,7498.25,true,held,-0.01423124958916716
2026-06-17,ES,le45dte,call_wall,7682.9,7604.25,7472.25,7498.25,false,not_tested,-0.010237019875307455
2026-06-17,ES,le45dte,expected_range,,7604.25,7472.25,7498.25,true,broke,
2026-06-17,ES,le45dte,gamma_flip,7587.87932839167,7604.25,7472.25,7498.25,true,broke,-0.011812171031279184
2026-06-17,ES,le45dte,key_gamma,7682.9,7604.25,7472.25,7498.25,false,not_tested,-0.010237019875307455
2026-06-17,ES,le45dte,put_wall,7582.9,7604.25,7472.25,7498.25,true,broke,-0.011163275264080976
2026-06-17,SPX,0dte,call_wall,7600,7532.17,7402.61,7421.76,false,not_tested,-0.00892499999999999
2026-06-17,SPX,0dte,expected_range,,7532.17,7402.61,7421.76,true,broke,
2026-06-17,SPX,0dte,gamma_flip,7518.6066723845315,7532.17,7402.61,7421.76,true,broke,-0.012880933476709763
2026-06-17,SPX,0dte,key_gamma,7495,7532.17,7402.61,7421.76,true,broke,-0.009771847898599037
2026-06-17,SPX,0dte,put_wall,7495,7532.17,7402.61,7421.76,true,broke,-0.009771847898599037
2026-06-17,SPX,intraday,pdh,7564.96,7532.17,7402.61,7421.76,false,not_tested,-0.004334457816036035
2026-06-17,SPX,intraday,pdl,7508.68,7532.17,7402.61,7421.76,true,broke,-0.011575936116601062
2026-06-17,SPX,intraday,vah,7552.5,7532.17,7402.61,7421.76,false,not_tested,-0.0026918238993710597
2026-06-17,SPX,intraday,val,7522.5,7532.17,7402.61,7421.76,true,broke,-0.01339182452642071
2026-06-17,SPX,intraday,vpoc,7532.5,7532.17,7402.61,7421.76,true,held,-0.014701626286093566
2026-06-17,SPX,le45dte,call_wall,7600,7532.17,7402.61,7421.76,false,not_tested,-0.00892499999999999
2026-06-17,SPX,le45dte,expected_range,,7532.17,7402.61,7421.76,true,broke,
2026-06-17,SPX,le45dte,gamma_flip,7504.979328391671,7532.17,7402.61,7421.76,true,broke,-0.01108854864887475
2026-06-17,SPX,le45dte,key_gamma,7600,7532.17,7402.61,7421.76,false,not_tested,-0.00892499999999999
2026-06-17,SPX,le45dte,put_wall,7500,7532.17,7402.61,7421.76,true,broke,-0.01043199999999997
2026-06-17,SPY,0dte,call_wall,759.9662058085429,752.15,739.22,740.92,false,not_tested,-0.010284938657538205
2026-06-17,SPY,0dte,expected_range,,752.15,739.22,740.92,true,broke,
2026-06-17,SPY,0dte,gamma_flip,751.8272349709035,752.15,739.22,740.92,true,held,-0.01450763481762628
2026-06-17,SPY,0dte,key_gamma,749.4666727019776,752.15,739.22,740.92,true,broke,-0.0114036727892985
2026-06-17,SPY,0dte,put_wall,749.4666727019776,752.15,739.22,740.92,true,broke,-0.0114036727892985
2026-06-17,SPY,intraday,pdh,755.44,752.15,739.22,740.92,false,not_tested,-0.004355077835433757
2026-06-17,SPY,intraday,pdl,749.88,752.15,739.22,740.92,true,broke,-0.01194857843921699
2026-06-17,SPY,intraday,vah,753.75,752.15,739.22,740.92,true,held,-0.017021558872305196
2026-06-17,SPY,intraday,val,750.75,752.15,739.22,740.92,true,broke,-0.013093573093573148
2026-06-17,SPY,intraday,vpoc,750.75,752.15,739.22,740.92,true,broke,-0.013093573093573148
2026-06-17,SPY,le45dte,call_wall,759.9662058085429,752.15,739.22,740.92,false,not_tested,-0.010284938657538205
2026-06-17,SPY,le45dte,expected_range,,752.15,739.22,740.92,true,broke,
2026-06-17,SPY,le45dte,gamma_flip,750.4645611670217,752.15,739.22,740.92,true,broke,-0.01271820371128422
2026-06-17,SPY,le45dte,key_gamma,759.9662058085429,752.15,739.22,740.92,false,not_tested,-0.010284938657538205
2026-06-17,SPY,le45dte,put_wall,749.9666504689569,752.15,739.22,740.92,true,broke,-0.012062737007438998
2026-06-18,ES,0dte,call_wall,7638.65,7581.5,7535.5,7573.5,false,not_tested,-0.00748168851825907
2026-06-18,ES,0dte,expected_range,,7581.5,7535.5,7573.5,true,held,
2026-06-18,ES,0dte,key_gamma,7538.65,7581.5,7535.5,7573.5,true,held,0.0046228436125832035
2026-06-18,ES,0dte,put_wall,7538.65,7581.5,7535.5,7573.5,true,held,0.0046228436125832035
2026-06-18,ES,intraday,pdh,7604.25,7581.5,7535.5,7573.5,false,not_tested,-0.0029917480356379655
2026-06-18,ES,intraday,pdl,7472.25,7581.5,7535.5,7573.5,false,not_tested,0.008464652547760045
2026-06-18,ES,intraday,vah,7599.5,7581.5,7535.5,7573.5,true,held,-0.0034212777156391867
2026-06-18,ES,intraday,val,7535.5,7581.5,7535.5,7573.5,true,held,0.005042797425519209
2026-06-18,ES,intraday,vpoc,7585.5,7581.5,7535.5,7573.5,true,held,-0.0015819655922483687
2026-06-18,ES,le45dte,call_wall,7738.65,7581.5,7535.5,7573.5,false,not_tested,-0.020307159517486854
2026-06-18,ES,le45dte,expected_range,,7581.5,7535.5,7573.5,true,held,
2026-06-18,ES,le45dte,gamma_flip,7604.657345579099,7581.5,7535.5,7573.5,true,held,-0.004097139971363943
2026-06-18,ES,le45dte,key_gamma,7538.65,7581.5,7535.5,7573.5,true,held,0.0046228436125832035
2026-06-18,ES,le45dte,put_wall,7538.65,7581.5,7535.5,7573.5,true,held,0.0046228436125832035
2026-06-18,SPX,0dte,call_wall,7500,7511.07,7468.32,7497.86,true,held,-0.000285333333333377
2026-06-18,SPX,0dte,expected_range,,7511.07,7468.32,7497.86,true,held,
2026-06-18,SPX,0dte,key_gamma,7400,7511.07,7468.32,7497.86,false,not_tested,0.009232432432432392
2026-06-18,SPX,0dte,put_wall,7400,7511.07,7468.32,7497.86,false,not_tested,0.009232432432432392
2026-06-18,SPX,intraday,pdh,7532.17,7511.07,7468.32,7497.86,false,not_tested,-0.002801317548594942
2026-06-18,SPX,intraday,pdl,7402.61,7511.07,7468.32,7497.86,false,not_tested,0.008876598929296564
2026-06-18,SPX,intraday,vah,7532.5,7511.07,7468.32,7497.86,false,not_tested,-0.002845004978426856
2026-06-18,SPX,intraday,val,7472.5,7511.07,7468.32,7497.86,true,held,0.0033937771830043055
2026-06-18,SPX,intraday,vpoc,7512.5,7511.07,7468.32,7497.86,true,held,-0.001948752079866932
2026-06-18,SPX,le45dte,call_wall,7600,7511.07,7468.32,7497.86,false,not_tested,-0.011701315789473723
2026-06-18,SPX,le45dte,expected_range,,7511.07,7468.32,7497.86,true,held,
2026-06-18,SPX,le45dte,gamma_flip,7466.007345579099,7511.07,7468.32,7497.86,true,held,0.004266357230382569
2026-06-18,SPX,le45dte,key_gamma,7400,7511.07,7468.32,7497.86,false,not_tested,0.009232432432432392
2026-06-18,SPX,le45dte,put_wall,7400,7511.07,7468.32,7497.86,false,not_tested,0.009232432432432392
2026-06-18,SPY,0dte,call_wall,754.0835029177503,748.23,743.86,746.56,false,not_tested,-0.0077624068091948295
2026-06-18,SPY,0dte,expected_range,,748.23,743.86,746.56,true,held,
2026-06-18,SPY,0dte,key_gamma,744.0290562121803,748.23,743.86,746.56,true,held,0.0034016733173090883
2026-06-18,SPY,0dte,put_wall,744.0290562121803,748.23,743.86,746.56,true,held,0.0034016733173090883
2026-06-18,SPY,intraday,pdh,752.15,748.23,743.86,746.56,false,not_tested,-0.0052117263843647664
2026-06-18,SPY,intraday,pdl,739.22,748.23,743.86,746.56,false,not_tested,0.006276886447877474
2026-06-18,SPY,intraday,vah,751.25,748.23,743.86,746.56,false,not_tested,-0.0040199667221297595
2026-06-18,SPY,intraday,val,742.25,748.23,743.86,746.56,true,held,0.0058066689120915395
2026-06-18,SPY,intraday,vpoc,750.25,748.23,743.86,746.56,false,not_tested,-0.002692435854715071
2026-06-18,SPY,le45dte,call_wall,764.1379496233203,748.23,743.86,746.56,false,not_tested,-0.020818164614337074
2026-06-18,SPY,le45dte,expected_range,,748.23,743.86,746.56,true,held,
2026-06-18,SPY,le45dte,gamma_flip,750.6657295951923,748.23,743.86,746.56,true,held,-0.0054694512261887745
2026-06-18,SPY,le45dte,key_gamma,744.0290562121803,748.23,743.86,746.56,true,held,0.0034016733173090883
2026-06-18,SPY,le45dte,put_wall,744.0290562121803,748.23,743.86,746.56,true,held,0.0034016733173090883
2026-06-22,ES,0dte,call_wall,7626.67,7599.25,7527.25,7543.25,false,not_tested,-0.0035952781489169026
2026-06-22,ES,0dte,expected_range,,7599.25,7527.25,7543.25,true,held,
2026-06-22,ES,0dte,key_gamma,7576.67,7599.25,7527.25,7543.25,true,held,-0.0044109087501501415
2026-06-22,ES,0dte,put_wall,7576.67,7599.25,7527.25,7543.25,true,broke,-0.0044109087501501415
2026-06-22,ES,intraday,onh,7580,7599.25,7527.25,7543.25,true,held,-0.004848284960422163
2026-06-22,ES,intraday,onl,7520.5,7599.25,7527.25,7543.25,true,held,0.003025064822817632
2026-06-22,ES,intraday,pdh,7581.5,7599.25,7527.25,7543.25,true,held,-0.005045175756776364
2026-06-22,ES,intraday,pdl,7535.5,7599.25,7527.25,7543.25,true,held,0.001028465264415102
2026-06-22,ES,intraday,vah,7572.5,7599.25,7527.25,7543.25,true,broke,-0.0038626609442060085
2026-06-22,ES,intraday,val,7548.5,7599.25,7527.25,7543.25,true,held,-0.0006955024176988806
2026-06-22,ES,intraday,vpoc,7562.5,7599.25,7527.25,7543.25,true,broke,-0.0025454545454545456
2026-06-22,ES,le45dte,call_wall,7676.67,7599.25,7527.25,7543.25,false,not_tested,-0.010085102003863663
2026-06-22,ES,le45dte,expected_range,,7599.25,7527.25,7543.25,true,held,
2026-06-22,ES,le45dte,gamma_flip,7579.072083261321,7599.25,7527.25,7543.25,true,held,-0.00472644709903671
2026-06-22,ES,le45dte,key_gamma,7576.67,7599.25,7527.25,7543.25,true,held,-0.0044109087501501415
2026-06-22,ES,le45dte,put_wall,7576.67,7599.25,7527.25,7543.25,true,broke,-0.0044109087501501415
2026-06-22,SPX,0dte,call_wall,7550,7530.01,7460.01,7475.46,false,not_tested,-0.002647682119205269
2026-06-22,SPX,0dte,expected_range,,7530.01,7460.01,7475.46,true,held,
2026-06-22,SPX,0dte,key_gamma,7500,7530.01,7460.01,7475.46,true,broke,-0.003271999999999995
2026-06-22,SPX,0dte,put_wall,7500,7530.01,7460.01,7475.46,true,broke,-0.003271999999999995
2026-06-22,SPX,intraday,pdh,7511.07,7530.01,7460.01,7475.46,true,held,-0.004741002280633741
2026-06-22,SPX,intraday,pdl,7468.32,7530.01,7460.01,7475.46,true,held,0.0009560383058037588
2026-06-22,SPX,intraday,vah,7507.5,7530.01,7460.01,7475.46,true,held,-0.004267732267732263
2026-06-22,SPX,intraday,val,7487.5,7530.01,7460.01,7475.46,true,broke,-0.0016080133555926497
2026-06-22,SPX,intraday,vpoc,7497.5,7530.01,7460.01,7475.46,true,broke,-0.0029396465488496118
2026-06-22,SPX,le45dte,call_wall,7600,7530.01,7460.01,7475.46,false,not_tested,-0.00920921052631576
2026-06-22,SPX,le45dte,expected_range,,7530.01,7460.01,7475.46,true,held,
2026-06-22,SPX,le45dte,gamma_flip,7502.4020832613205,7530.01,7460.01,7475.46,true,held,-0.0035911276098399485
2026-06-22,SPX,le45dte,key_gamma,7500,7530.01,7460.01,7475.46,true,broke,-0.003271999999999995
2026-06-22,SPX,le45dte,put_wall,7500,7530.01,7460.01,7475.46,true,broke,-0.003271999999999995
2026-06-22,SPY,0dte,call_wall,752.9787696418143,750.18,743.13,744.32,false,not_tested,-0.003716930350035932
2026-06-22,SPY,0dte,expected_range,,750.18,743.13,744.32,true,held,
2026-06-22,SPY,0dte,key_gamma,747.9921552733255,750.18,743.13,744.32,true,held,-0.00490934998106172
2026-06-22,SPY,0dte,put_wall,747.9921552733255,750.18,743.13,744.32,true,broke,-0.00490934998106172
2026-06-22,SPY,intraday,pdh,748.23,750.18,743.13,744.32,true,held,-0.0052256659048687815
2026-06-22,SPY,intraday,pdl,743.86,750.18,743.13,744.32,true,held,0.0006183959347189476
2026-06-22,SPY,intraday,vah,747.75,750.18,743.13,744.32,true,held,-0.004587094617184821
2026-06-22,SPY,intraday,val,745.75,750.18,743.13,744.32,true,broke,-0.0019175326852161581
2026-06-22,SPY,intraday,vpoc,746.75,750.18,743.13,744.32,true,broke,-0.003254101104787345
2026-06-22,SPY,le45dte,call_wall,757.9653840103031,750.18,743.13,744.32,false,not_tested,-0.010271424229311892
2026-06-22,SPY,le45dte,expected_range,,750.18,743.13,744.32,true,held,
2026-06-22,SPY,le45dte,gamma_flip,748.2317205314296,750.18,743.13,744.32,true,held,-0.005227953352006026
2026-06-22,SPY,le45dte,key_gamma,747.9921552733255,750.18,743.13,744.32,true,held,-0.00490934998106172
2026-06-22,SPY,le45dte,put_wall,747.9921552733255,750.18,743.13,744.32,true,broke,-0.00490934998106172
2026-06-23,ES,0dte,call_wall,7459.21,7491,7415.25,7439.75,true,held,-0.002608855361358647
2026-06-23,ES,0dte,expected_range,,7491,7415.25,7439.75,true,held,
2026-06-23,ES,0dte,key_gamma,7459.21,7491,7415.25,7439.75,true,held,-0.002608855361358647
2026-06-23,ES,0dte,put_wall,7359.21,7491,7415.25,7439.75,false,not_tested,0.0076149478001035385
2026-06-23,ES,intraday,pdh,7599.25,7491,7415.25,7439.75,false,not_tested,-0.014244826792117643
2026-06-23,ES,intraday,pdl,7527.25,7491,7415.25,7439.75,false,not_tested,-0.004815835796605666
2026-06-23,ES,intraday,vah,7552.5,7491,7415.25,7439.75,false,not_tested,-0.00814299900695134
2026-06-23,ES,intraday,val,7530.5,7491,7415.25,7439.75,false,not_tested,-0.005245335635083992
2026-06-23,ES,intraday,vpoc,7544.5,7491,7415.25,7439.75,false,not_tested,-0.007091258532705945
2026-06-23,ES,le45dte,call_wall,7459.21,7491,7415.25,7439.75,true,held,-0.002608855361358647
2026-06-23,ES,le45dte,expected_range,,7491,7415.25,7439.75,true,held,
2026-06-23,ES,le45dte,gamma_flip,7451.666963977896,7491,7415.25,7439.75,true,held,-0.0015992346458186396
2026-06-23,ES,le45dte,key_gamma,7459.21,7491,7415.25,7439.75,true,held,-0.002608855361358647
2026-06-23,ES,le45dte,put_wall,7359.21,7491,7415.25,7439.75,false,not_tested,0.0076149478001035385
2026-06-23,SPX,0dte,call_wall,7500,7424.17,7347.6,7365.92,false,not_tested,-0.010110666666666657
2026-06-23,SPX,0dte,expected_range,,7424.17,7347.6,7365.92,true,broke,
2026-06-23,SPX,0dte,key_gamma,7500,7424.17,7347.6,7365.92,false,not_tested,-0.010110666666666657
2026-06-23,SPX,0dte,put_wall,7400,7424.17,7347.6,7365.92,true,broke,-0.004605405405405396
2026-06-23,SPX,intraday,pdh,7530.01,7424.17,7347.6,7365.92,false,not_tested,-0.014055758226084712
2026-06-23,SPX,intraday,pdl,7460.01,7424.17,7347.6,7365.92,false,not_tested,-0.004804283104178164
2026-06-23,SPX,intraday,vah,7487.5,7424.17,7347.6,7365.92,false,not_tested,-0.008458096828046735
2026-06-23,SPX,intraday,val,7462.5,7424.17,7347.6,7365.92,false,not_tested,-0.005136348408710208
2026-06-23,SPX,intraday,vpoc,7477.5,7424.17,7347.6,7365.92,false,not_tested,-0.007132062855232354
2026-06-23,SPX,le45dte,call_wall,7500,7424.17,7347.6,7365.92,false,not_tested,-0.010110666666666657
2026-06-23,SPX,le45dte,expected_range,,7424.17,7347.6,7365.92,true,broke,
2026-06-23,SPX,le45dte,gamma_flip,7492.456963977896,7424.17,7347.6,7365.92,true,held,-0.01688858068671702
2026-06-23,SPX,le45dte,key_gamma,7500,7424.17,7347.6,7365.92,false,not_tested,-0.010110666666666657
2026-06-23,SPX,le45dte,put_wall,7400,7424.17,7347.6,7365.92,true,broke,-0.004605405405405396
2026-06-23,SPY,0dte,call_wall,736.7127940166926,739.63,732.3,733.67,true,held,-0.00413023099558612
2026-06-23,SPY,0dte,expected_range,,739.63,732.3,733.67,true,held,
2026-06-23,SPY,0dte,key_gamma,736.7127940166926,739.63,732.3,733.67,true,held,-0.00413023099558612
2026-06-23,SPY,0dte,put_wall,726.8899567631366,739.63,732.3,733.67,false,not_tested,0.007442726628050284
2026-06-23,SPY,intraday,pdh,750.18,739.63,732.3,733.67,false,not_tested,-0.014063291476712196
2026-06-23,SPY,intraday,pdl,743.13,739.63,732.3,733.67,false,not_tested,-0.004709808512642472
2026-06-23,SPY,intraday,vah,745.25,739.63,732.3,733.67,false,not_tested,-0.007541093592754115
2026-06-23,SPY,intraday,val,743.25,739.63,732.3,733.67,false,not_tested,-0.004870501177262031
2026-06-23,SPY,intraday,vpoc,744.25,739.63,732.3,733.67,false,not_tested,-0.006207591535102458
2026-06-23,SPY,le45dte,call_wall,736.7127940166926,739.63,732.3,733.67,true,held,-0.00413023099558612
2026-06-23,SPY,le45dte,expected_range,,739.63,732.3,733.67,true,held,
2026-06-23,SPY,le45dte,gamma_flip,735.9718538642642,739.63,732.3,733.67,true,held,-0.003127638444565775
2026-06-23,SPY,le45dte,key_gamma,736.7127940166926,739.63,732.3,733.67,true,held,-0.00413023099558612
2026-06-23,SPY,le45dte,put_wall,726.8899567631366,739.63,732.3,733.67,false,not_tested,0.007442726628050284
2026-06-24,ES,0dte,call_wall,7535.79,7496.5,7404.25,7459.75,false,not_tested,-0.005213786477595576
2026-06-24,ES,0dte,expected_range,,7496.5,7404.25,7459.75,true,held,
2026-06-24,ES,0dte,key_gamma,7435.79,7496.5,7404.25,7459.75,true,held,0.003222253452558509
2026-06-24,ES,0dte,put_wall,7435.79,7496.5,7404.25,7459.75,true,held,0.003222253452558509
2026-06-24,ES,intraday,pdh,7491,7496.5,7404.25,7459.75,true,held,-0.004171672673875317
2026-06-24,ES,intraday,pdl,7415.25,7496.5,7404.25,7459.75,true,held,0.0060011462863693065
2026-06-24,ES,intraday,vah,7476.5,7496.5,7404.25,7459.75,true,held,-0.0022403531064000533
2026-06-24,ES,intraday,val,7440.5,7496.5,7404.25,7459.75,true,held,0.0025871917209864927
2026-06-24,ES,intraday,vpoc,7466.5,7496.5,7404.25,7459.75,true,held,-0.0009040380365633162
2026-06-24,ES,le45dte,call_wall,7585.79,7496.5,7404.25,7459.75,false,not_tested,-0.011770692307590898
2026-06-24,ES,le45dte,expected_range,,7496.5,7404.25,7459.75,true,held,
2026-06-24,ES,le45dte,gamma_flip,7521.421327722579,7496.5,7404.25,7459.75,true,held,-0.008199424687893737
2026-06-24,ES,le45dte,key_gamma,7485.79,7496.5,7404.25,7459.75,true,held,-0.0034785907699788486
2026-06-24,ES,le45dte,put_wall,7385.79,7496.5,7404.25,7459.75,true,held,0.010013823842811674
2026-06-24,SPX,0dte,call_wall,7450,7428.06,7336.82,7359.9,false,not_tested,-0.0029449664429529662
2026-06-24,SPX,0dte,expected_range,,7428.06,7336.82,7359.9,true,held,
2026-06-24,SPX,0dte,key_gamma,7350,7428.06,7336.82,7359.9,true,held,0.0013469387755101546
2026-06-24,SPX,0dte,put_wall,7350,7428.06,7336.82,7359.9,true,held,0.0013469387755101546
2026-06-24,SPX,intraday,pdh,7424.17,7428.06,7336.82,7359.9,true,held,-0.008656859958756391
2026-06-24,SPX,intraday,pdl,7347.6,7428.06,7336.82,7359.9,true,held,0.0016740160052260973
2026-06-24,SPX,intraday,vah,7402.5,7428.06,7336.82,7359.9,true,held,-0.005754812563323251
2026-06-24,SPX,intraday,val,7362.5,7428.06,7336.82,7359.9,true,held,-0.0003531409168081988
2026-06-24,SPX,intraday,vpoc,7372.5,7428.06,7336.82,7359.9,true,held,-0.0017090539165819415
2026-06-24,SPX,le45dte,call_wall,7500,7428.06,7336.82,7359.9,false,not_tested,-0.009591999999999946
2026-06-24,SPX,le45dte,expected_range,,7428.06,7336.82,7359.9,true,held,
2026-06-24,SPX,le45dte,gamma_flip,7435.631327722579,7428.06,7336.82,7359.9,true,held,-0.010184922353563589
2026-06-24,SPX,le45dte,key_gamma,7400,7428.06,7336.82,7359.9,true,held,-0.005418918918918968
2026-06-24,SPX,le45dte,put_wall,7300,7428.06,7336.82,7359.9,false,not_tested,0.005043835616438316
2026-06-24,SPY,0dte,call_wall,744.0026827923849,739.95,730.84,733.02,false,not_tested,-0.00544713464899666
2026-06-24,SPY,0dte,expected_range,,739.95,730.84,733.02,true,held,
2026-06-24,SPY,0dte,key_gamma,734.0160696005408,739.95,730.84,733.02,true,broke,-0.0013570133431587336
2026-06-24,SPY,0dte,put_wall,734.0160696005408,739.95,730.84,733.02,true,broke,-0.0013570133431587336
2026-06-24,SPY,intraday,pdh,739.63,739.95,730.84,733.02,true,held,-0.008936900882873888
2026-06-24,SPY,intraday,pdl,732.3,739.95,730.84,733.02,true,held,0.0009832036050799226
2026-06-24,SPY,intraday,vah,736.75,739.95,730.84,733.02,true,held,-0.005062775704105895
2026-06-24,SPY,intraday,val,733.75,739.95,730.84,733.02,true,held,-0.0009948892674616944
2026-06-24,SPY,intraday,vpoc,734.75,739.95,730.84,733.02,true,broke,-0.002354542361347422
2026-06-24,SPY,le45dte,call_wall,748.995989388307,739.95,730.84,733.02,false,not_tested,-0.012077487084670002
2026-06-24,SPY,le45dte,expected_range,,739.95,730.84,733.02,true,held,
2026-06-24,SPY,le45dte,gamma_flip,742.5677390712352,739.95,730.84,733.02,true,held,-0.012857734815112024
2026-06-24,SPY,le45dte,key_gamma,739.0093761964629,739.95,730.84,733.02,true,held,-0.00810460109084008
2026-06-24,SPY,le45dte,put_wall,729.0227630046188,739.95,730.84,733.02,true,held,0.005483007113394959
2026-06-25,ES,0dte,call_wall,7678.78,7490.5,7390.5,7438.25,false,not_tested,-0.02451952002792107
2026-06-25,ES,0dte,expected_range,,7490.5,7390.5,7438.25,true,held,
2026-06-25,ES,0dte,key_gamma,7448.78,7490.5,7390.5,7438.25,true,broke,-0.0014136543165457626
2026-06-25,ES,0dte,put_wall,7448.78,7490.5,7390.5,7438.25,true,broke,-0.0014136543165457626
2026-06-25,ES,intraday,pdh,7496.5,7490.5,7390.5,7438.25,true,held,-0.007770292803308211
2026-06-25,ES,intraday,pdl,7404.25,7490.5,7390.5,7438.25,true,held,0.004591957321808421
2026-06-25,ES,intraday,vah,7463.5,7490.5,7390.5,7438.25,true,broke,-0.0033831312386949823
2026-06-25,ES,intraday,val,7407.5,7490.5,7390.5,7438.25,true,held,0.004151198110023625
2026-06-25,ES,intraday,vpoc,7417.5,7490.5,7390.5,7438.25,true,held,0.002797438490057297
2026-06-25,ES,le45dte,call_wall,7578.78,7490.5,7390.5,7438.25,false,not_tested,-0.011648312789129615
2026-06-25,ES,le45dte,expected_range,,7490.5,7390.5,7438.25,true,held,
2026-06-25,ES,le45dte,gamma_flip,7544.131713220805,7490.5,7390.5,7438.25,true,held,-0.014034976753554206
2026-06-25,ES,le45dte,key_gamma,7528.78,7490.5,7390.5,7438.25,false,not_tested,-0.005084489120415227
2026-06-25,ES,le45dte,put_wall,7428.78,7490.5,7390.5,7438.25,true,held,0.0012747719006351319
2026-06-25,SPX,0dte,call_wall,7550,7419.08,7323.5,7357.17,false,not_tested,-0.017340397350993388
2026-06-25,SPX,0dte,expected_range,,7419.08,7323.5,7357.17,true,held,
2026-06-25,SPX,0dte,key_gamma,7320,7419.08,7323.5,7357.17,true,held,0.005077868852459026
2026-06-25,SPX,0dte,put_wall,7320,7419.08,7323.5,7357.17,true,held,0.005077868852459026
2026-06-25,SPX,intraday,pdh,7428.06,7419.08,7323.5,7357.17,true,held,-0.009543541651521437
2026-06-25,SPX,intraday,pdl,7336.82,7419.08,7323.5,7357.17,true,held,0.0027736812406465423
2026-06-25,SPX,intraday,vah,7397.5,7419.08,7323.5,7357.17,true,broke,-0.005451841838458929
2026-06-25,SPX,intraday,val,7337.5,7419.08,7323.5,7357.17,true,held,0.0026807495741056316
2026-06-25,SPX,intraday,vpoc,7347.5,7419.08,7323.5,7357.17,true,held,0.0013160939094930347
2026-06-25,SPX,le45dte,call_wall,7450,7419.08,7323.5,7357.17,false,not_tested,-0.004150335570469808
2026-06-25,SPX,le45dte,expected_range,,7419.08,7323.5,7357.17,true,held,
2026-06-25,SPX,le45dte,gamma_flip,7415.351713220805,7419.08,7323.5,7357.17,true,held,-0.007846116471734344
2026-06-25,SPX,le45dte,key_gamma,7400,7419.08,7323.5,7357.17,true,broke,-0.005787837837837828
2026-06-25,SPX,le45dte,put_wall,7300,7419.08,7323.5,7357.17,false,not_tested,0.0032191780821917808
2026-06-25,SPY,0dte,call_wall,758.2608293853676,739.37,729.6,733.27,false,not_tested,-0.024913365761858205
2026-06-25,SPY,0dte,expected_range,,739.37,729.6,733.27,true,held,
2026-06-25,SPY,0dte,key_gamma,735.1614928610451,739.37,729.6,733.27,true,broke,-0.0025728943632288568
2026-06-25,SPY,0dte,put_wall,735.1614928610451,739.37,729.6,733.27,true,broke,-0.0025728943632288568
2026-06-25,SPY,intraday,pdh,739.95,739.37,729.6,733.27,true,held,-0.009027637002500255
2026-06-25,SPY,intraday,pdl,730.84,739.37,729.6,733.27,true,held,0.00332494116359251
2026-06-25,SPY,intraday,vah,736.25,739.37,729.6,733.27,true,broke,-0.004047538200339583
2026-06-25,SPY,intraday,val,731.25,739.37,729.6,733.27,true,held,0.0027623931623931377
2026-06-25,SPY,intraday,vpoc,732.25,739.37,729.6,733.27,true,held,0.0013929668828951613
2026-06-25,SPY,le45dte,call_wall,748.2176395921839,739.37,729.6,733.27,false,not_tested,-0.01182495456403073
2026-06-25,SPY,le45dte,expected_range,,739.37,729.6,733.27,true,held,
2026-06-25,SPY,le45dte,gamma_flip,744.7378463908628,739.37,729.6,733.27,true,held,-0.015398500890532369
2026-06-25,SPY,le45dte,key_gamma,743.196044695592,739.37,729.6,733.27,false,not_tested,-0.005148096148922796
2026-06-25,SPY,le45dte,put_wall,733.1528549024084,739.37,729.6,733.27,true,held,0.000159782638515612
2026-06-26,ES,0dte,call_wall,7421.76,7459.5,7360,7400.5,true,held,-0.0028645496486009
2026-06-26,ES,0dte,expected_range,,7459.5,7360,7400.5,true,held,
2026-06-26,ES,0dte,gamma_flip,6676.9438916991685,7459.5,7360,7400.5,true,held,0.10836636042431963
2026-06-26,ES,0dte,key_gamma,7421.76,7459.5,7360,7400.5,true,held,-0.0028645496486009
2026-06-26,ES,0dte,put_wall,7346.76,7459.5,7360,7400.5,true,held,0.00731478910431262
2026-06-26,ES,intraday,pdh,7490.5,7459.5,7360,7400.5,false,not_tested,-0.004138575529003405
2026-06-26,ES,intraday,pdl,7390.5,7459.5,7360,7400.5,true,broke,0.00135308842432853
2026-06-26,ES,intraday,vah,7452.5,7459.5,7360,7400.5,true,held,-0.006977524320697753
2026-06-26,ES,intraday,val,7414.5,7459.5,7360,7400.5,true,held,-0.0018881920561062782
2026-06-26,ES,intraday,vpoc,7422.5,7459.5,7360,7400.5,true,held,-0.002963960929605928
2026-06-26,ES,le45dte,call_wall,7421.76,7459.5,7360,7400.5,true,held,-0.0028645496486009
2026-06-26,ES,le45dte,expected_range,,7459.5,7360,7400.5,true,held,
2026-06-26,ES,le45dte,gamma_flip,7434.605063011486,7459.5,7360,7400.5,true,held,-0.004587340245033981
2026-06-26,ES,le45dte,key_gamma,7421.76,7459.5,7360,7400.5,true,held,-0.0028645496486009
2026-06-26,ES,le45dte,put_wall,7321.76,7459.5,7360,7400.5,false,not_tested,0.005222787963549718
2026-06-26,SPX,0dte,call_wall,7400,7392.95,7294.18,7337.81,true,held,-0.008404054054054
2026-06-26,SPX,0dte,expected_range,,7392.95,7294.18,7337.81,true,held,
2026-06-26,SPX,0dte,gamma_flip,6655.183891699168,7392.95,7294.18,7337.81,true,held,0.10257058548784104
2026-06-26,SPX,0dte,key_gamma,7400,7392.95,7294.18,7337.81,true,held,-0.008404054054054
2026-06-26,SPX,0dte,put_wall,7325,7392.95,7294.18,7337.81,true,held,0.0017488054607509079
2026-06-26,SPX,intraday,pdh,7419.08,7392.95,7294.18,7337.81,false,not_tested,-0.003522000032349039
2026-06-26,SPX,intraday,pdl,7323.5,7392.95,7294.18,7337.81,true,broke,0.0019539837509388136
2026-06-26,SPX,intraday,vah,7382.5,7392.95,7294.18,7337.81,true,held,-0.006053504910260698
2026-06-26,SPX,intraday,val,7342.5,7392.95,7294.18,7337.81,true,held,-0.0006387470207694382
2026-06-26,SPX,intraday,vpoc,7352.5,7392.95,7294.18,7337.81,true,held,-0.001997959877592601
2026-06-26,SPX,le45dte,call_wall,7400,7392.95,7294.18,7337.81,true,held,-0.008404054054054
2026-06-26,SPX,le45dte,expected_range,,7392.95,7294.18,7337.81,true,held,
2026-06-26,SPX,le45dte,gamma_flip,7412.845063011486,7392.95,7294.18,7337.81,true,held,-0.010122302890949968
2026-06-26,SPX,le45dte,key_gamma,7400,7392.95,7294.18,7337.81,true,held,-0.008404054054054
2026-06-26,SPX,le45dte,put_wall,7300,7392.95,7294.18,7337.81,true,held,0.005179452054794575
2026-06-26,SPY,0dte,call_wall,733.0209079455085,736.53,716.58,729.08,true,held,-0.005376255851356176
2026-06-26,SPY,0dte,expected_range,,736.53,716.58,729.08,true,held,
2026-06-26,SPY,0dte,gamma_flip,659.241748491574,736.53,716.58,729.08,true,held,0.1059372402737305
2026-06-26,SPY,0dte,key_gamma,733.0209079455085,736.53,716.58,729.08,true,held,-0.005376255851356176
2026-06-26,SPY,0dte,put_wall,725.5916419866014,736.53,716.58,729.08,true,held,0.004807605010233896
2026-06-26,SPY,intraday,pdh,739.37,736.53,716.58,729.08,false,not_tested,-0.0038411079702990814
2026-06-26,SPY,intraday,pdl,729.6,736.53,716.58,729.08,true,held,-0.000712719298245589
2026-06-26,SPY,intraday,vah,735.25,736.53,716.58,729.08,true,held,-0.008391703502210078
2026-06-26,SPY,intraday,val,731.25,736.53,716.58,729.08,true,held,-0.0029675213675213114
2026-06-26,SPY,intraday,vpoc,732.25,736.53,716.58,729.08,true,held,-0.004329122567429101
2026-06-26,SPY,le45dte,call_wall,733.0209079455085,736.53,716.58,729.08,true,held,-0.005376255851356176
2026-06-26,SPY,le45dte,expected_range,,736.53,716.58,729.08,true,held,
2026-06-26,SPY,le45dte,gamma_flip,734.2932998037919,736.53,716.58,729.08,true,held,-0.007099751291731653
2026-06-26,SPY,le45dte,key_gamma,733.0209079455085,736.53,716.58,729.08,true,held,-0.005376255851356176
2026-06-26,SPY,le45dte,put_wall,723.115220000299,736.53,716.58,729.08,true,held,0.008248726945200456
2026-06-29,ES,0dte,call_wall,7510.73,7505,7409,7495.75,true,held,-0.00199447989742669
2026-06-29,ES,0dte,expected_range,,7505,7409,7495.75,true,held,
2026-06-29,ES,0dte,gamma_flip,7480.570177999542,7505,7409,7495.75,true,broke,0.0020292332855993394
2026-06-29,ES,0dte,key_gamma,7510.73,7505,7409,7495.75,true,held,-0.00199447989742669
2026-06-29,ES,0dte,put_wall,7435.73,7505,7409,7495.75,true,held,0.008071836927914333
2026-06-29,ES,intraday,pdh,7459.5,7505,7409,7495.75,true,broke,0.004859575038541457
2026-06-29,ES,intraday,pdl,7360,7505,7409,7495.75,false,not_tested,0.006657608695652174
2026-06-29,ES,intraday,vah,7448.5,7505,7409,7495.75,true,held,0.00634355910586024
2026-06-29,ES,intraday,val,7408.5,7505,7409,7495.75,true,held,0.011777012890598636
2026-06-29,ES,intraday,vpoc,7420.5,7505,7409,7495.75,true,held,0.010140826089886127
2026-06-29,ES,le45dte,call_wall,7510.73,7505,7409,7495.75,true,held,-0.00199447989742669
2026-06-29,ES,le45dte,expected_range,,7505,7409,7495.75,true,held,
2026-06-29,ES,le45dte,gamma_flip,7510.115547189205,7505,7409,7495.75,true,held,-0.0019128263871495035
2026-06-29,ES,le45dte,key_gamma,7510.73,7505,7409,7495.75,true,held,-0.00199447989742669
2026-06-29,ES,le45dte,put_wall,7410.73,7505,7409,7495.75,true,held,0.01147255398590968
2026-06-29,SPX,0dte,call_wall,7400,7444.32,7348.88,7439.26,true,broke,0.005305405405405435
2026-06-29,SPX,0dte,expected_range,,7444.32,7348.88,7439.26,true,broke,
2026-06-29,SPX,0dte,gamma_flip,7369.840177999542,7444.32,7348.88,7439.26,true,held,0.009419447413213978
2026-06-29,SPX,0dte,key_gamma,7400,7444.32,7348.88,7439.26,true,broke,0.005305405405405435
2026-06-29,SPX,0dte,put_wall,7325,7444.32,7348.88,7439.26,false,not_tested,0.0032600682593856805
2026-06-29,SPX,intraday,pdh,7392.95,7444.32,7348.88,7439.26,true,broke,0.0062640759101577044
2026-06-29,SPX,intraday,pdl,7294.18,7444.32,7348.88,7439.26,false,not_tested,0.007499129442925705
2026-06-29,SPX,intraday,vah,7377.5,7444.32,7348.88,7439.26,true,held,0.008371399525584577
2026-06-29,SPX,intraday,val,7347.5,7444.32,7348.88,7439.26,true,held,0.012488601565158247
2026-06-29,SPX,intraday,vpoc,7357.5,7444.32,7348.88,7439.26,true,held,0.011112470268433601
2026-06-29,SPX,le45dte,call_wall,7400,7444.32,7348.88,7439.26,true,broke,0.005305405405405435
2026-06-29,SPX,le45dte,expected_range,,7444.32,7348.88,7439.26,true,broke,
2026-06-29,SPX,le45dte,gamma_flip,7399.385547189206,7444.32,7348.88,7439.26,true,broke,0.005388887030753735
2026-06-29,SPX,le45dte,key_gamma,7400,7444.32,7348.88,7439.26,true,broke,0.005305405405405435
2026-06-29,SPX,le45dte,put_wall,7300,7444.32,7348.88,7439.26,false,not_tested,0.006695890410958919
2026-06-29,SPY,0dte,call_wall,741.8595543661834,741.56,732.09,740.84,true,held,-0.0013743226196694482
2026-06-29,SPY,0dte,expected_range,,741.56,732.09,740.84,true,held,
2026-06-29,SPY,0dte,gamma_flip,738.8359932703694,741.56,732.09,740.84,true,broke,0.0027123837331748677
2026-06-29,SPY,0dte,key_gamma,741.8595543661834,741.56,732.09,740.84,true,held,-0.0013743226196694482
2026-06-29,SPY,0dte,put_wall,734.3407075313909,741.56,732.09,740.84,true,held,0.008850513667501309
2026-06-29,SPY,intraday,pdh,736.53,741.56,732.09,740.84,true,held,0.005851764354473083
2026-06-29,SPY,intraday,pdl,716.58,741.56,732.09,740.84,false,not_tested,0.02164447793686677
2026-06-29,SPY,intraday,vah,735.25,741.56,732.09,740.84,true,held,0.007602856171370326
2026-06-29,SPY,intraday,val,731.25,741.56,732.09,740.84,true,held,0.013114529914529958
2026-06-29,SPY,intraday,vpoc,733.25,741.56,732.09,740.84,true,held,0.010351176270030729
2026-06-29,SPY,le45dte,call_wall,741.8595543661834,741.56,732.09,740.84,true,held,-0.0013743226196694482
2026-06-29,SPY,le45dte,expected_range,,741.56,732.09,740.84,true,held,
2026-06-29,SPY,le45dte,gamma_flip,741.7979546785624,741.56,732.09,740.84,true,held,-0.0012913956860092402
2026-06-29,SPY,le45dte,key_gamma,741.8595543661834,741.56,732.09,740.84,true,held,-0.0013743226196694482
2026-06-29,SPY,le45dte,put_wall,731.8344252531268,741.56,732.09,740.84,true,held,0.012305481180061133
2026-06-30,ES,0dte,call_wall,7506.57,7567.75,7492.75,7551.5,true,broke,0.005985423435737
2026-06-30,ES,0dte,expected_range,,7567.75,7492.75,7551.5,true,broke,
2026-06-30,ES,0dte,gamma_flip,7477.976539486111,7567.75,7492.75,7551.5,true,held,0.009831999355127954
2026-06-30,ES,0dte,key_gamma,7506.57,7567.75,7492.75,7551.5,true,broke,0.005985423435737
2026-06-30,ES,0dte,put_wall,7456.57,7567.75,7492.75,7551.5,false,not_tested,0.004852096875641252
2026-06-30,ES,intraday,pdh,7505,7567.75,7492.75,7551.5,true,broke,0.006195869420386409
2026-06-30,ES,intraday,pdl,7409,7567.75,7492.75,7551.5,false,not_tested,0.011303819678769065
2026-06-30,ES,intraday,vah,7502.5,7567.75,7492.75,7551.5,true,broke,0.006531156281239587
2026-06-30,ES,intraday,val,7460.5,7567.75,7492.75,7551.5,false,not_tested,0.004322766570605188
2026-06-30,ES,intraday,vpoc,7496.5,7567.75,7492.75,7551.5,true,broke,0.007336757153338224
2026-06-30,ES,le45dte,call_wall,7506.57,7567.75,7492.75,7551.5,true,broke,0.005985423435737
2026-06-30,ES,le45dte,expected_range,,7567.75,7492.75,7551.5,true,broke,
2026-06-30,ES,le45dte,gamma_flip,7482.435776488629,7567.75,7492.75,7551.5,true,held,0.009230179259056944
2026-06-30,ES,le45dte,key_gamma,7506.57,7567.75,7492.75,7551.5,true,broke,0.005985423435737
2026-06-30,ES,le45dte,put_wall,7456.57,7567.75,7492.75,7551.5,false,not_tested,0.004852096875641252
2026-06-30,SPX,0dte,call_wall,7450,7508.29,7438.04,7496.31,true,broke,0.006216107382550389
2026-06-30,SPX,0dte,expected_range,,7508.29,7438.04,7496.31,true,broke,
2026-06-30,SPX,0dte,gamma_flip,7421.406539486111,7508.29,7438.04,7496.31,true,held,0.010092892784590149
2026-06-30,SPX,0dte,key_gamma,7450,7508.29,7438.04,7496.31,true,broke,0.006216107382550389
2026-06-30,SPX,0dte,put_wall,7400,7508.29,7438.04,7496.31,false,not_tested,0.005140540540540536
2026-06-30,SPX,intraday,pdh,7440.64,7508.29,7438.04,7496.31,true,held,0.007481883278857742
2026-06-30,SPX,intraday,pdl,7348.88,7508.29,7438.04,7496.31,false,not_tested,0.012132461000859974
2026-06-30,SPX,intraday,vah,7437.5,7508.29,7438.04,7496.31,true,held,0.007907226890756356
2026-06-30,SPX,intraday,val,7397.5,7508.29,7438.04,7496.31,false,not_tested,0.005480229807367349
2026-06-30,SPX,intraday,vpoc,7437.5,7508.29,7438.04,7496.31,true,held,0.007907226890756356
2026-06-30,SPX,le45dte,call_wall,7450,7508.29,7438.04,7496.31,true,broke,0.006216107382550389
2026-06-30,SPX,le45dte,expected_range,,7508.29,7438.04,7496.31,true,broke,
2026-06-30,SPX,le45dte,gamma_flip,7425.865776488629,7508.29,7438.04,7496.31,true,held,0.009486331376256187
2026-06-30,SPX,le45dte,key_gamma,7450,7508.29,7438.04,7496.31,true,broke,0.006216107382550389
2026-06-30,SPX,le45dte,put_wall,7400,7508.29,7438.04,7496.31,false,not_tested,0.005140540540540536
2026-06-30,SPY,0dte,call_wall,741.9530860447582,748.02,740.89,746.52,true,broke,0.006155259734260788
2026-06-30,SPY,0dte,expected_range,,748.02,740.89,746.52,true,broke,
2026-06-30,SPY,0dte,gamma_flip,739.105434196573,748.02,740.89,746.52,true,held,0.010031810700305288
2026-06-30,SPY,0dte,key_gamma,741.9530860447582,748.02,740.89,746.52,true,broke,0.006155259734260788
2026-06-30,SPY,0dte,put_wall,736.9735351317061,748.02,740.89,746.52,false,not_tested,0.005314254422438669
2026-06-30,SPY,intraday,pdh,741.56,748.02,740.89,746.52,true,broke,0.006688602405739302
2026-06-30,SPY,intraday,pdl,732.09,748.02,740.89,746.52,false,not_tested,0.01202038000792246
2026-06-30,SPY,intraday,vah,740.75,748.02,740.89,746.52,true,held,0.00778940263246707
2026-06-30,SPY,intraday,val,736.75,748.02,740.89,746.52,false,not_tested,0.005619273837801135
2026-06-30,SPY,intraday,vpoc,740.75,748.02,740.89,746.52,true,held,0.00778940263246707
2026-06-30,SPY,le45dte,call_wall,741.9530860447582,748.02,740.89,746.52,true,broke,0.006155259734260788
2026-06-30,SPY,le45dte,expected_range,,748.02,740.89,746.52,true,broke,
2026-06-30,SPY,le45dte,gamma_flip,739.5495341503212,748.02,740.89,746.52,true,held,0.00942528597180077
2026-06-30,SPY,le45dte,key_gamma,741.9530860447582,748.02,740.89,746.52,true,broke,0.006155259734260788
2026-06-30,SPY,le45dte,put_wall,736.9735351317061,748.02,740.89,746.52,false,not_tested,0.005314254422438669
2026-07-02,ES,0dte,call_wall,7574.02,7593.75,7479.5,7520.75,true,held,-0.0070332531469418395
2026-07-02,ES,0dte,expected_range,,7593.75,7479.5,7520.75,true,held,
2026-07-02,ES,0dte,gamma_flip,7544.466344939207,7593.75,7479.5,7520.75,true,broke,-0.0031435417503209075
2026-07-02,ES,0dte,key_gamma,7574.02,7593.75,7479.5,7520.75,true,held,-0.0070332531469418395
2026-07-02,ES,0dte,put_wall,7524.02,7593.75,7479.5,7520.75,true,held,-0.0004346080951406876
2026-07-02,ES,intraday,pdh,7579,7593.75,7479.5,7520.75,true,held,-0.007685710515899195
2026-07-02,ES,intraday,pdl,7505.75,7593.75,7479.5,7520.75,true,held,0.0019984678413216533
2026-07-02,ES,intraday,vah,7575.5,7593.75,7479.5,7520.75,true,held,-0.007227245726354696
2026-07-02,ES,intraday,val,7543.5,7593.75,7479.5,7520.75,true,broke,-0.003015841452906476
2026-07-02,ES,intraday,vpoc,7557.5,7593.75,7479.5,7520.75,true,broke,-0.004862719153159114
2026-07-02,ES,le45dte,call_wall,7574.02,7593.75,7479.5,7520.75,true,held,-0.0070332531469418395
2026-07-02,ES,le45dte,expected_range,,7593.75,7479.5,7520.75,true,held,
2026-07-02,ES,le45dte,gamma_flip,7539.212093010728,7593.75,7479.5,7520.75,true,broke,-0.0024488093428016145
2026-07-02,ES,le45dte,key_gamma,7574.02,7593.75,7479.5,7520.75,true,held,-0.0070332531469418395
2026-07-02,ES,le45dte,put_wall,7524.02,7593.75,7479.5,7520.75,true,held,-0.0004346080951406876
2026-07-02,SPX,0dte,call_wall,7500,7540.75,7427.55,7477.63,true,held,-0.002982666666666652
2026-07-02,SPX,0dte,expected_range,,7540.75,7427.55,7477.63,true,held,
2026-07-02,SPX,0dte,gamma_flip,7470.446344939207,7540.75,7427.55,7477.63,true,held,0.0009616098863570153
2026-07-02,SPX,0dte,key_gamma,7500,7540.75,7427.55,7477.63,true,held,-0.002982666666666652
2026-07-02,SPX,0dte,put_wall,7450,7540.75,7427.55,7477.63,true,held,0.0037087248322147798
2026-07-02,SPX,intraday,pdh,7521.81,7540.75,7427.55,7477.63,true,held,-0.005873586277770947
2026-07-02,SPX,intraday,pdl,7449.63,7540.75,7427.55,7477.63,true,held,0.00375857592927434
2026-07-02,SPX,intraday,vah,7517.5,7540.75,7427.55,7477.63,true,held,-0.005303624875290973
2026-07-02,SPX,intraday,val,7487.5,7540.75,7427.55,7477.63,true,broke,-0.0013181969949916381
2026-07-02,SPX,intraday,vpoc,7497.5,7540.75,7427.55,7477.63,true,held,-0.0026502167389129564
2026-07-02,SPX,le45dte,call_wall,7500,7540.75,7427.55,7477.63,true,held,-0.002982666666666652
2026-07-02,SPX,le45dte,expected_range,,7540.75,7427.55,7477.63,true,held,
2026-07-02,SPX,le45dte,gamma_flip,7465.192093010727,7540.75,7427.55,7477.63,true,held,0.0016661201526103969
2026-07-02,SPX,le45dte,key_gamma,7500,7540.75,7427.55,7477.63,true,held,-0.002982666666666652
2026-07-02,SPX,le45dte,put_wall,7450,7540.75,7427.55,7477.63,true,held,0.0037087248322147798
2026-07-02,SPY,0dte,call_wall,749.295424569337,751.31,740.03,744.87,true,held,-0.005906114496669376
2026-07-02,SPY,0dte,expected_range,,751.31,740.03,744.87,true,held,
2026-07-02,SPY,0dte,gamma_flip,746.3428354338233,751.31,740.03,744.87,true,broke,-0.0019734033260561975
2026-07-02,SPY,0dte,key_gamma,749.295424569337,751.31,740.03,744.87,true,held,-0.005906114496669376
2026-07-02,SPY,0dte,put_wall,744.3001217388749,751.31,740.03,744.87,true,held,0.0007656565469770092
2026-07-02,SPY,intraday,pdh,749.44,751.31,740.03,744.87,true,held,-0.006097886421861723
2026-07-02,SPY,intraday,pdl,742.38,751.31,740.03,744.87,true,held,0.003354077426654825
2026-07-02,SPY,intraday,vah,748.75,751.31,740.03,744.87,true,held,-0.005181969949916521
2026-07-02,SPY,intraday,val,745.75,751.31,740.03,744.87,true,broke,-0.0011800201139792095
2026-07-02,SPY,intraday,vpoc,746.75,751.31,740.03,744.87,true,broke,-0.0025175761633746173
2026-07-02,SPY,le45dte,call_wall,749.295424569337,751.31,740.03,744.87,true,held,-0.005906114496669376
2026-07-02,SPY,le45dte,expected_range,,751.31,740.03,744.87,true,held,
2026-07-02,SPY,le45dte,gamma_flip,745.8179038432174,751.31,740.03,744.87,true,broke,-0.0012709588202869104
2026-07-02,SPY,le45dte,key_gamma,749.295424569337,751.31,740.03,744.87,true,held,-0.005906114496669376
2026-07-02,SPY,le45dte,put_wall,744.3001217388749,751.31,740.03,744.87,true,held,0.0007656565469770092
2026-07-06,ES,0dte,call_wall,7598.26,7602.5,7552.5,7593,true,held,-0.0006922637551229122
2026-07-06,ES,0dte,expected_range,,7602.5,7552.5,7593,true,held,
2026-07-06,ES,0dte,gamma_flip,7547.6467953285455,7602.5,7552.5,7593,true,held,0.00600891985294342
2026-07-06,ES,0dte,key_gamma,7553.26,7602.5,7552.5,7593,true,held,0.00526130439042212
2026-07-06,ES,0dte,put_wall,7528.26,7602.5,7552.5,7593,false,not_tested,0.0032198675391125944
2026-07-06,ES,intraday,onh,7565.25,7602.5,7552.5,7593,true,broke,0.003668087637553286
2026-07-06,ES,intraday,onl,7523.75,7602.5,7552.5,7593,false,not_tested,0.003821232762917428
2026-07-06,ES,intraday,pdh,7593.75,7602.5,7552.5,7593,true,held,-0.00009876543209876543
2026-07-06,ES,intraday,pdl,7479.5,7602.5,7552.5,7593,false,not_tested,0.009760010695902132
2026-07-06,ES,intraday,vah,7558.5,7602.5,7552.5,7593,true,broke,0.0045643976979559435
2026-07-06,ES,intraday,val,7486.5,7602.5,7552.5,7593,false,not_tested,0.008815868563414146
2026-07-06,ES,intraday,vpoc,7508.5,7602.5,7552.5,7593,false,not_tested,0.005860025304654725
2026-07-06,ES,le45dte,call_wall,7578.26,7602.5,7552.5,7593,true,broke,0.0019450375152079476
2026-07-06,ES,le45dte,expected_range,,7602.5,7552.5,7593,true,held,
2026-07-06,ES,le45dte,gamma_flip,7544.33172795416,7602.5,7552.5,7593,true,held,0.006450971908553376
2026-07-06,ES,le45dte,key_gamma,7578.26,7602.5,7552.5,7593,true,broke,0.0019450375152079476
2026-07-06,ES,le45dte,put_wall,7528.26,7602.5,7552.5,7593,false,not_tested,0.0032198675391125944
2026-07-06,SPX,0dte,call_wall,7520,7551.31,7500.97,7538.34,true,broke,0.002438829787234062
2026-07-06,SPX,0dte,expected_range,,7551.31,7500.97,7538.34,true,broke,
2026-07-06,SPX,0dte,gamma_flip,7469.386795328545,7551.31,7500.97,7538.34,true,held,0.009231441155862902
2026-07-06,SPX,0dte,key_gamma,7475,7551.31,7500.97,7538.34,false,not_tested,0.00347424749163883
2026-07-06,SPX,0dte,put_wall,7450,7551.31,7500.97,7538.34,false,not_tested,0.006841610738255068
2026-07-06,SPX,intraday,pdh,7540.75,7551.31,7500.97,7538.34,true,held,-0.00031959685707653144
2026-07-06,SPX,intraday,pdl,7427.55,7551.31,7500.97,7538.34,false,not_tested,0.009884820701307978
2026-07-06,SPX,intraday,vah,7497.5,7551.31,7500.97,7538.34,true,held,0.005447149049683247
2026-07-06,SPX,intraday,val,7437.5,7551.31,7500.97,7538.34,false,not_tested,0.008533781512605075
2026-07-06,SPX,intraday,vpoc,7457.5,7551.31,7500.97,7538.34,false,not_tested,0.0058290311766678185
2026-07-06,SPX,le45dte,call_wall,7500,7551.31,7500.97,7538.34,true,broke,0.005112000000000019
2026-07-06,SPX,le45dte,expected_range,,7551.31,7500.97,7538.34,true,broke,
2026-07-06,SPX,le45dte,gamma_flip,7466.0717279541595,7551.31,7500.97,7538.34,true,held,0.00967955769501339
2026-07-06,SPX,le45dte,key_gamma,7500,7551.31,7500.97,7538.34,true,held,0.005112000000000019
2026-07-06,SPX,le45dte,put_wall,7450,7551.31,7500.97,7538.34,false,not_tested,0.006841610738255068
2026-07-06,SPY,0dte,call_wall,751.975882104543,752.41,747.41,751.3,true,held,-0.000898808220619292
2026-07-06,SPY,0dte,expected_range,,752.41,747.41,751.3,true,held,
2026-07-06,SPY,0dte,gamma_flip,746.9147239623946,752.41,747.41,751.3,true,held,0.0058711870270026926
2026-07-06,SPY,0dte,key_gamma,747.4760264270557,752.41,747.41,751.3,true,held,0.005115847783403733
2026-07-06,SPY,0dte,put_wall,744.9761066062293,752.41,747.41,751.3,false,not_tested,0.003267075778924424
2026-07-06,SPY,intraday,pdh,751.31,752.41,747.41,751.3,true,held,-0.000013310085051431373
2026-07-06,SPY,intraday,pdl,740.03,752.41,747.41,751.3,false,not_tested,0.009972568679648117
2026-07-06,SPY,intraday,vah,748.25,752.41,747.41,751.3,true,held,0.00407617774807879
2026-07-06,SPY,intraday,val,741.25,752.41,747.41,751.3,false,not_tested,0.008310286677908894
2026-07-06,SPY,intraday,vpoc,743.25,752.41,747.41,751.3,false,not_tested,0.0055970400269088035
2026-07-06,SPY,le45dte,call_wall,749.9759462478819,752.41,747.41,751.3,true,broke,0.0017654616241257893
2026-07-06,SPY,le45dte,expected_range,,752.41,747.41,751.3,true,held,
2026-07-06,SPY,le45dte,gamma_flip,746.5832278569306,752.41,747.41,751.3,true,held,0.006317811554123463
2026-07-06,SPY,le45dte,key_gamma,749.9759462478819,752.41,747.41,751.3,true,broke,0.0017654616241257893
2026-07-06,SPY,le45dte,put_wall,744.9761066062293,752.41,747.41,751.3,false,not_tested,0.003267075778924424
2026-07-07,ES,0dte,call_wall,7592.32,7587.5,7529.5,7553,true,held,-0.0051789176430919286
2026-07-07,ES,0dte,expected_range,,7587.5,7529.5,7553,true,held,
2026-07-07,ES,0dte,key_gamma,7592.32,7587.5,7529.5,7553,true,held,-0.0051789176430919286
2026-07-07,ES,0dte,put_wall,7542.32,7587.5,7529.5,7553,true,held,0.0014160099279797583
2026-07-07,ES,intraday,pdh,7602.5,7587.5,7529.5,7553,true,held,-0.006511016113120684
2026-07-07,ES,intraday,pdl,7552.5,7587.5,7529.5,7553,true,held,0.000066203243958954
2026-07-07,ES,intraday,vah,7599.5,7587.5,7529.5,7553,true,held,-0.006118823606816238
2026-07-07,ES,intraday,val,7573.5,7587.5,7529.5,7553,true,broke,-0.002706806628375256
2026-07-07,ES,intraday,vpoc,7585.5,7587.5,7529.5,7553,true,held,-0.004284490145672665
2026-07-07,ES,le45dte,call_wall,7592.32,7587.5,7529.5,7553,true,held,-0.0051789176430919286
2026-07-07,ES,le45dte,expected_range,,7587.5,7529.5,7553,true,held,
2026-07-07,ES,le45dte,gamma_flip,7550.287338526076,7587.5,7529.5,7553,true,held,0.0003592792369744656
2026-07-07,ES,le45dte,key_gamma,7592.32,7587.5,7529.5,7553,true,held,-0.0051789176430919286
2026-07-07,ES,le45dte,put_wall,7542.32,7587.5,7529.5,7553,true,held,0.0014160099279797583
2026-07-07,SPX,0dte,call_wall,7550,7536.06,7478.63,7503.36,true,held,-0.006177483443708652
2026-07-07,SPX,0dte,expected_range,,7536.06,7478.63,7503.36,true,held,
2026-07-07,SPX,0dte,key_gamma,7550,7536.06,7478.63,7503.36,true,held,-0.006177483443708652
2026-07-07,SPX,0dte,put_wall,7500,7536.06,7478.63,7503.36,true,held,0.00044799999999995635
2026-07-07,SPX,intraday,pdh,7551.31,7536.06,7478.63,7503.36,true,held,-0.006349891608211122
2026-07-07,SPX,intraday,pdl,7500.97,7536.06,7478.63,7503.36,true,held,0.0003186254577740503
2026-07-07,SPX,intraday,vah,7542.5,7536.06,7478.63,7503.36,true,held,-0.00518926085515417
2026-07-07,SPX,intraday,val,7512.5,7536.06,7478.63,7503.36,true,broke,-0.0012166389351081967
2026-07-07,SPX,intraday,vpoc,7532.5,7536.06,7478.63,7503.36,true,held,-0.0038685695320279227
2026-07-07,SPX,le45dte,call_wall,7550,7536.06,7478.63,7503.36,true,held,-0.006177483443708652
2026-07-07,SPX,le45dte,expected_range,,7536.06,7478.63,7503.36,true,held,
2026-07-07,SPX,le45dte,gamma_flip,7507.967338526077,7536.06,7478.63,7503.36,true,broke,-0.0006136599053161956
2026-07-07,SPX,le45dte,key_gamma,7550,7536.06,7478.63,7503.36,true,held,-0.006177483443708652
2026-07-07,SPX,le45dte,put_wall,7500,7536.06,7478.63,7503.36,true,held,0.00044799999999995635
2026-07-07,SPY,0dte,call_wall,751.4410747429828,750.96,745.21,747.66,true,held,-0.005031764791771677
2026-07-07,SPY,0dte,expected_range,,750.96,745.21,747.66,true,held,
2026-07-07,SPY,0dte,key_gamma,751.4410747429828,750.96,745.21,747.66,true,held,-0.005031764791771677
2026-07-07,SPY,0dte,put_wall,746.46464378442,750.96,745.21,747.66,true,held,0.0016013567762831614
2026-07-07,SPY,intraday,pdh,752.41,750.96,745.21,747.66,true,held,-0.006313047407663375
2026-07-07,SPY,intraday,pdl,747.41,750.96,745.21,747.66,true,held,0.0003344884333899734
2026-07-07,SPY,intraday,vah,751.75,750.96,745.21,747.66,true,held,-0.005440638510143042
2026-07-07,SPY,intraday,val,749.75,750.96,745.21,747.66,true,broke,-0.002787595865288472
2026-07-07,SPY,intraday,vpoc,750.75,750.96,745.21,747.66,true,held,-0.004115884115884158
2026-07-07,SPY,le45dte,call_wall,751.4410747429828,750.96,745.21,747.66,true,held,-0.005031764791771677
2026-07-07,SPY,le45dte,expected_range,,750.96,745.21,747.66,true,held,
2026-07-07,SPY,le45dte,gamma_flip,747.2576219863903,750.96,745.21,747.66,true,held,0.0005384729466392863
2026-07-07,SPY,le45dte,key_gamma,751.4410747429828,750.96,745.21,747.66,true,held,-0.005031764791771677
2026-07-07,SPY,le45dte,put_wall,746.46464378442,750.96,745.21,747.66,true,held,0.0016013567762831614
2026-07-08,ES,0dte,call_wall,7526.9,7536.5,7469.5,7526,true,held,-0.00011957113818433036
2026-07-08,ES,0dte,expected_range,,7536.5,7469.5,7526,true,held,
2026-07-08,ES,0dte,gamma_flip,7506.948719543918,7536.5,7469.5,7526,true,held,0.0025378194480645956
2026-07-08,ES,0dte,key_gamma,7501.9,7536.5,7469.5,7526,true,held,0.0032125194950612997
2026-07-08,ES,0dte,put_wall,7501.9,7536.5,7469.5,7526,true,held,0.0032125194950612997
2026-07-08,ES,intraday,pdh,7587.5,7536.5,7469.5,7526,false,not_tested,-0.006721581548599671
2026-07-08,ES,intraday,pdl,7529.5,7536.5,7469.5,7526,true,held,-0.0004648383026761405
2026-07-08,ES,intraday,vah,7570.5,7536.5,7469.5,7526,false,not_tested,-0.004491116835083548
2026-07-08,ES,intraday,val,7542.5,7536.5,7469.5,7526,true,held,-0.0021876035797149486
2026-07-08,ES,intraday,vpoc,7566.5,7536.5,7469.5,7526,false,not_tested,-0.003964845040639662
2026-07-08,ES,le45dte,call_wall,7551.9,7536.5,7469.5,7526,true,held,-0.0034296004978879007
2026-07-08,ES,le45dte,expected_range,,7536.5,7469.5,7526,true,held,
2026-07-08,ES,le45dte,gamma_flip,7497.499400363143,7536.5,7469.5,7526,true,held,0.003801347371295132
2026-07-08,ES,le45dte,key_gamma,7501.9,7536.5,7469.5,7526,true,held,0.0032125194950612997
2026-07-08,ES,le45dte,put_wall,7501.9,7536.5,7469.5,7526,true,held,0.0032125194950612997
2026-07-08,SPX,0dte,call_wall,7525,7488.51,7421.82,7481.46,false,not_tested,-0.0048491694352159175
2026-07-08,SPX,0dte,expected_range,,7488.51,7421.82,7481.46,true,held,
2026-07-08,SPX,0dte,gamma_flip,7505.048719543918,7488.51,7421.82,7481.46,true,held,-0.0031430468242652056
2026-07-08,SPX,0dte,key_gamma,7500,7488.51,7421.82,7481.46,true,held,-0.002471999999999995
2026-07-08,SPX,0dte,put_wall,7500,7488.51,7421.82,7481.46,true,broke,-0.002471999999999995
2026-07-08,SPX,intraday,pdh,7536.06,7488.51,7421.82,7481.46,false,not_tested,-0.006309663139624709
2026-07-08,SPX,intraday,pdl,7478.63,7488.51,7421.82,7481.46,true,held,0.0003784115539878196
2026-07-08,SPX,intraday,vah,7517.5,7488.51,7421.82,7481.46,false,not_tested,-0.003856335217825046
2026-07-08,SPX,intraday,val,7487.5,7488.51,7421.82,7481.46,true,held,-0.0008066777963272072
2026-07-08,SPX,intraday,vpoc,7517.5,7488.51,7421.82,7481.46,false,not_tested,-0.003856335217825046
2026-07-08,SPX,le45dte,call_wall,7550,7488.51,7421.82,7481.46,false,not_tested,-0.008144370860927123
2026-07-08,SPX,le45dte,expected_range,,7488.51,7421.82,7481.46,true,held,
2026-07-08,SPX,le45dte,gamma_flip,7495.599400363143,7488.51,7421.82,7481.46,true,held,-0.001886360197218924
2026-07-08,SPX,le45dte,key_gamma,7500,7488.51,7421.82,7481.46,true,held,-0.002471999999999995
2026-07-08,SPX,le45dte,put_wall,7500,7488.51,7421.82,7481.46,true,broke,-0.002471999999999995
2026-07-08,SPY,0dte,call_wall,745.144325912698,746.15,739.51,745.29,true,held,0.00019549781463275135
2026-07-08,SPY,0dte,expected_range,,746.15,739.51,745.29,true,held,
2026-07-08,SPY,0dte,gamma_flip,743.1687002081742,746.15,739.51,745.29,true,held,0.0028543987270071586
2026-07-08,SPY,0dte,key_gamma,742.6687633681377,746.15,739.51,745.29,true,held,0.0035294828073480816
2026-07-08,SPY,0dte,put_wall,742.6687633681377,746.15,739.51,745.29,true,held,0.0035294828073480816
2026-07-08,SPY,intraday,pdh,750.96,746.15,739.51,745.29,false,not_tested,-0.006405134760839537
2026-07-08,SPY,intraday,pdl,745.21,746.15,739.51,745.29,true,held,0.00010735228995843753
2026-07-08,SPY,intraday,vah,748.75,746.15,739.51,745.29,false,not_tested,-0.0034724540901502807
2026-07-08,SPY,intraday,val,745.75,746.15,739.51,745.29,true,held,-0.0006168286959437297
2026-07-08,SPY,intraday,vpoc,746.75,746.15,739.51,745.29,true,held,-0.001955138935386724
2026-07-08,SPY,le45dte,call_wall,747.6198884572585,746.15,739.51,745.29,true,held,-0.003116407807270047
2026-07-08,SPY,le45dte,expected_range,,746.15,739.51,745.29,true,held,
2026-07-08,SPY,le45dte,gamma_flip,742.2330049827533,746.15,739.51,745.29,true,held,0.004118646027223886
2026-07-08,SPY,le45dte,key_gamma,742.6687633681377,746.15,739.51,745.29,true,held,0.0035294828073480816
2026-07-08,SPY,le45dte,put_wall,742.6687633681377,746.15,739.51,745.29,true,held,0.0035294828073480816
2026-07-09,ES,0dte,call_wall,7561.54,7595,7529.5,7588.5,true,broke,0.003565411278654882
2026-07-09,ES,0dte,expected_range,,7595,7529.5,7588.5,true,held,
2026-07-09,ES,0dte,gamma_flip,7531.184401070553,7595,7529.5,7588.5,true,held,0.0076104362709934386
2026-07-09,ES,0dte,key_gamma,7561.54,7595,7529.5,7588.5,true,broke,0.003565411278654882
2026-07-09,ES,0dte,put_wall,7536.54,7595,7529.5,7588.5,true,held,0.006894410432373481
2026-07-09,ES,intraday,pdh,7536.5,7595,7529.5,7588.5,true,held,0.006899754527963909
2026-07-09,ES,intraday,pdl,7469.5,7595,7529.5,7588.5,false,not_tested,0.008032666175781512
2026-07-09,ES,intraday,vah,7529.5,7595,7529.5,7588.5,true,held,0.007835845673683511
2026-07-09,ES,intraday,val,7497.5,7595,7529.5,7588.5,false,not_tested,0.00426808936312104
2026-07-09,ES,intraday,vpoc,7517.5,7595,7529.5,7588.5,true,held,0.009444629198536747
2026-07-09,ES,le45dte,call_wall,7561.54,7595,7529.5,7588.5,true,broke,0.003565411278654882
2026-07-09,ES,le45dte,expected_range,,7595,7529.5,7588.5,true,held,
2026-07-09,ES,le45dte,gamma_flip,7530.126626119146,7595,7529.5,7588.5,true,held,0.007751977726161884
2026-07-09,ES,le45dte,key_gamma,7561.54,7595,7529.5,7588.5,true,broke,0.003565411278654882
2026-07-09,ES,le45dte,put_wall,7511.54,7595,7529.5,7588.5,true,held,0.01024556881811187
2026-07-09,SPX,0dte,call_wall,7500,7546.89,7481.73,7542.28,true,broke,0.0056373333333333
2026-07-09,SPX,0dte,expected_range,,7546.89,7481.73,7542.28,true,broke,
2026-07-09,SPX,0dte,gamma_flip,7469.644401070553,7546.89,7481.73,7542.28,true,held,0.009724103990684869
2026-07-09,SPX,0dte,key_gamma,7500,7546.89,7481.73,7542.28,true,broke,0.0056373333333333
2026-07-09,SPX,0dte,put_wall,7475,7546.89,7481.73,7542.28,true,held,0.009000668896321036
2026-07-09,SPX,intraday,pdh,7487.41,7546.89,7481.73,7542.28,true,held,0.007328301775914488
2026-07-09,SPX,intraday,pdl,7421.82,7546.89,7481.73,7542.28,false,not_tested,0.00807214402936205
2026-07-09,SPX,intraday,vah,7487.5,7546.89,7481.73,7542.28,true,held,0.007316193656093455
2026-07-09,SPX,intraday,val,7457.5,7546.89,7481.73,7542.28,false,not_tested,0.0032490781092858953
2026-07-09,SPX,intraday,vpoc,7477.5,7546.89,7481.73,7542.28,true,held,0.008663323303243028
2026-07-09,SPX,le45dte,call_wall,7500,7546.89,7481.73,7542.28,true,broke,0.0056373333333333
2026-07-09,SPX,le45dte,expected_range,,7546.89,7481.73,7542.28,true,broke,
2026-07-09,SPX,le45dte,gamma_flip,7468.586626119146,7546.89,7481.73,7542.28,true,held,0.009867111084061521
2026-07-09,SPX,le45dte,key_gamma,7500,7546.89,7481.73,7542.28,true,broke,0.0056373333333333
2026-07-09,SPX,le45dte,put_wall,7450,7546.89,7481.73,7542.28,false,not_tested,0.004259060402684505
2026-07-09,SPY,0dte,call_wall,748.816271110333,751.97,745.59,751.65,true,broke,0.0037842779317083714
2026-07-09,SPY,0dte,expected_range,,751.97,745.59,751.65,true,held,
2026-07-09,SPY,0dte,gamma_flip,745.7855022573104,751.97,745.59,751.65,true,held,0.007863518028895889
2026-07-09,SPY,0dte,key_gamma,748.816271110333,751.97,745.59,751.65,true,broke,0.0037842779317083714
2026-07-09,SPY,0dte,put_wall,746.3202168732986,751.97,745.59,751.65,true,held,0.007141415984991619
2026-07-09,SPY,intraday,pdh,746.14,751.97,745.59,751.65,true,held,0.00738467311764547
2026-07-09,SPY,intraday,pdl,739.51,751.97,745.59,751.65,false,not_tested,0.008221660288569514
2026-07-09,SPY,intraday,vah,745.25,751.97,745.59,751.65,true,held,0.008587722240858742
2026-07-09,SPY,intraday,val,742.25,751.97,745.59,751.65,false,not_tested,0.0044998315931290426
2026-07-09,SPY,intraday,vpoc,745.25,751.97,745.59,751.65,true,held,0.008587722240858742
2026-07-09,SPY,le45dte,call_wall,748.816271110333,751.97,745.59,751.65,true,broke,0.0037842779317083714
2026-07-09,SPY,le45dte,expected_range,,751.97,745.59,751.65,true,held,
2026-07-09,SPY,le45dte,gamma_flip,745.6798917113389,751.97,745.59,751.65,true,held,0.00800626160772509
2026-07-09,SPY,le45dte,key_gamma,748.816271110333,751.97,745.59,751.65,true,broke,0.0037842779317083714
2026-07-09,SPY,le45dte,put_wall,743.8241626362642,751.97,745.59,751.65,true,held,0.01052108516614925
2026-07-10,ES,0dte,call_wall,7595.11,7627.25,7552.75,7622.5,true,broke,0.003606267716991634
2026-07-10,ES,0dte,expected_range,,7627.25,7552.75,7622.5,true,held,
2026-07-10,ES,0dte,gamma_flip,7560.924358598335,7627.25,7552.75,7622.5,true,held,0.008143930355769373
2026-07-10,ES,0dte,key_gamma,7595.11,7627.25,7552.75,7622.5,true,broke,0.003606267716991634
2026-07-10,ES,0dte,put_wall,7545.11,7627.25,7552.75,7622.5,true,held,0.010256974384733997
2026-07-10,ES,intraday,pdh,7595,7627.25,7552.75,7622.5,true,broke,0.003620803159973667
2026-07-10,ES,intraday,pdl,7529.5,7627.25,7552.75,7622.5,false,not_tested,0.0030878544392057903
2026-07-10,ES,intraday,vah,7594.5,7627.25,7552.75,7622.5,true,broke,0.0036868786621897425
2026-07-10,ES,intraday,val,7554.5,7627.25,7552.75,7622.5,true,held,0.009001257528625323
2026-07-10,ES,intraday,vpoc,7586.5,7627.25,7552.75,7622.5,true,held,0.004745271205430699
2026-07-10,ES,le45dte,call_wall,7595.11,7627.25,7552.75,7622.5,true,broke,0.003606267716991634
2026-07-10,ES,le45dte,expected_range,,7627.25,7552.75,7622.5,true,held,
2026-07-10,ES,le45dte,gamma_flip,7545.8767646646675,7627.25,7552.75,7622.5,true,held,0.010154318407920304
2026-07-10,ES,le45dte,key_gamma,7595.11,7627.25,7552.75,7622.5,true,broke,0.003606267716991634
2026-07-10,ES,le45dte,put_wall,7545.11,7627.25,7552.75,7622.5,true,held,0.010256974384733997
2026-07-10,SPX,0dte,call_wall,7550,7579.93,7508.16,7575.38,true,broke,0.0033615894039735242
2026-07-10,SPX,0dte,expected_range,,7579.93,7508.16,7575.38,true,held,
2026-07-10,SPX,0dte,gamma_flip,7515.814358598335,7579.93,7508.16,7575.38,true,held,0.007925374225551462
2026-07-10,SPX,0dte,key_gamma,7550,7579.93,7508.16,7575.38,true,broke,0.0033615894039735242
2026-07-10,SPX,0dte,put_wall,7500,7579.93,7508.16,7575.38,true,held,0.010050666666666682
2026-07-10,SPX,intraday,pdh,7546.89,7579.93,7508.16,7575.38,true,held,0.0037750649605333827
2026-07-10,SPX,intraday,pdl,7481.73,7579.93,7508.16,7575.38,false,not_tested,0.003532605426819772
2026-07-10,SPX,intraday,vah,7547.5,7579.93,7508.16,7575.38,true,held,0.0036939383901954436
2026-07-10,SPX,intraday,val,7507.5,7579.93,7508.16,7575.38,true,held,0.009041625041625057
2026-07-10,SPX,intraday,vpoc,7537.5,7579.93,7508.16,7575.38,true,held,0.005025538971807643
2026-07-10,SPX,le45dte,call_wall,7550,7579.93,7508.16,7575.38,true,broke,0.0033615894039735242
2026-07-10,SPX,le45dte,expected_range,,7579.93,7508.16,7575.38,true,held,
2026-07-10,SPX,le45dte,gamma_flip,7500.766764664668,7579.93,7508.16,7575.38,true,held,0.00994741440126195
2026-07-10,SPX,le45dte,key_gamma,7550,7579.93,7508.16,7575.38,true,broke,0.0033615894039735242
2026-07-10,SPX,le45dte,put_wall,7500,7579.93,7508.16,7575.38,true,held,0.010050666666666682
2026-07-10,SPY,0dte,call_wall,752.3537708586306,755.42,748.1,754.86,true,broke,0.003331184395486148
2026-07-10,SPY,0dte,expected_range,,755.42,748.1,754.86,true,held,
2026-07-10,SPY,0dte,gamma_flip,748.9471885781321,755.42,748.1,754.86,true,held,0.007894830920045653
2026-07-10,SPY,0dte,key_gamma,752.3537708586306,755.42,748.1,754.86,true,broke,0.003331184395486148
2026-07-10,SPY,0dte,put_wall,747.371295554931,755.42,748.1,754.86,true,held,0.010020058958122843
2026-07-10,SPY,intraday,pdh,751.97,755.42,748.1,754.86,true,held,0.0038432384270648914
2026-07-10,SPY,intraday,pdl,745.59,755.42,748.1,754.86,false,not_tested,0.0033664614600517587
2026-07-10,SPY,intraday,vah,751.75,755.42,748.1,754.86,true,held,0.0041370136348520305
2026-07-10,SPY,intraday,val,748.25,755.42,748.1,754.86,true,held,0.008833945873705331
2026-07-10,SPY,intraday,vpoc,751.25,755.42,748.1,754.86,true,held,0.0048053244592346275
2026-07-10,SPY,le45dte,call_wall,752.3537708586306,755.42,748.1,754.86,true,broke,0.003331184395486148
2026-07-10,SPY,le45dte,expected_range,,755.42,748.1,754.86,true,held,
2026-07-10,SPY,le45dte,gamma_flip,747.4477032750401,755.42,748.1,754.86,true,held,0.009916809821586114
2026-07-10,SPY,le45dte,key_gamma,752.3537708586306,755.42,748.1,754.86,true,broke,0.003331184395486148
2026-07-10,SPY,le45dte,put_wall,747.371295554931,755.42,748.1,754.86,true,held,0.010020058958122843
